{
    "graph_name": "BBT-h4-MC=1.dot",
    "algorithm": "YOTO",
    "arch_type": "ONE_HOP",
    "total_edges": 31,
    "visited_edges": 30,
    "n_copies": 100,
    "total_threads": 600,
    "n_cells": 36,
    "n_lines": 6,
    "n_columns": 6,
    "num_annotations": 0,
    "best_thread": "Exec_19_TH_0",
    "best_dist": 0,
    "exec_max_clk": 1757,
    "exec_min_clk": 718,
    "exec_avg_clk": 1102.6,
    "th_max_clk": 293,
    "th_min_clk": 58,
    "th_avg_clk": 128.75166666666667,
    "best_placement": [
        [
            29,
            16,
            8,
            15,
            -1,
            -1
        ],
        [
            19,
            10,
            3,
            17,
            9,
            18
        ],
        [
            14,
            20,
            0,
            24,
            12,
            26
        ],
        [
            30,
            4,
            1,
            5,
            25,
            22
        ],
        [
            7,
            -1,
            2,
            11,
            6,
            23
        ],
        [
            13,
            28,
            27,
            21,
            -1,
            -1
        ]
    ],
    "th_placement_distances": {
        "29_14": 1,
        "14_30": 1,
        "14_7": 1,
        "7_13": 1,
        "13_27": 1,
        "13_28": 1,
        "7_2": 1,
        "2_6": 1,
        "6_12": 1,
        "12_26": 1,
        "12_25": 1,
        "6_11": 1,
        "11_24": 1,
        "11_23": 1,
        "2_0": 1,
        "0_1": 1,
        "1_3": 1,
        "3_9": 1,
        "9_17": 1,
        "9_18": 1,
        "3_8": 1,
        "8_15": 1,
        "8_16": 1,
        "1_4": 1,
        "4_10": 1,
        "10_19": 1,
        "10_20": 1,
        "4_5": 1,
        "5_1": 1,
        "5_22": 1,
        "5_21": 1
    },
    "nodes_dict": {
        "0": 0,
        "1": 1,
        "2": 2,
        "3": 3,
        "4": 4,
        "10": 5,
        "5": 6,
        "6": 7,
        "7": 8,
        "8": 9,
        "9": 10,
        "11": 11,
        "12": 12,
        "13": 13,
        "14": 14,
        "15": 15,
        "16": 16,
        "17": 17,
        "18": 18,
        "19": 19,
        "20": 20,
        "21": 21,
        "22": 22,
        "23": 23,
        "24": 24,
        "25": 25,
        "26": 26,
        "27": 27,
        "28": 28,
        "29": 29,
        "30": 30
    },
    "th": 66.65777540677514,
    "path_th": [
        "0",
        "1",
        "4",
        "10",
        "21"
    ]
}