{
    "graph_name": "dag15-4x4.dot",
    "algorithm": "YOTO",
    "arch_type": "ONE_HOP",
    "total_edges": 17,
    "visited_edges": 14,
    "n_copies": 100,
    "total_threads": 600,
    "n_cells": 16,
    "n_lines": 4,
    "n_columns": 4,
    "num_annotations": 0,
    "best_thread": "Exec_1_TH_0",
    "best_dist": 0,
    "exec_max_clk": 663,
    "exec_min_clk": 302,
    "exec_avg_clk": 427.19,
    "th_max_clk": 111,
    "th_min_clk": 23,
    "th_avg_clk": 52.498333333333335,
    "best_placement": [
        [
            5,
            10,
            13,
            0
        ],
        [
            2,
            3,
            4,
            8
        ],
        [
            6,
            9,
            12,
            1
        ],
        [
            7,
            11,
            14,
            -1
        ]
    ],
    "th_placement_distances": {
        "14_11": 1,
        "11_3": 1,
        "3_10": 1,
        "10_5": 1,
        "5_13": 1,
        "13_0": 1,
        "0_10": 1,
        "10_9": 1,
        "9_1": 1,
        "1_0": 1,
        "5_2": 1,
        "2_3": 1,
        "2_4": 1,
        "4_8": 1,
        "4_12": 1,
        "5_6": 1,
        "6_7": 1
    },
    "nodes_dict": {
        "2": 0,
        "1": 1,
        "6": 2,
        "7": 3,
        "9": 4,
        "10": 5,
        "11": 6,
        "0": 7,
        "13": 8,
        "5": 9,
        "8": 10,
        "14": 11,
        "3": 12,
        "12": 13,
        "15": 14
    },
    "th": 99.92006394884093,
    "path_th": [
        "6",
        "7",
        "8",
        "2",
        "1"
    ]
}