{
    "graph_name": "dag20-5x5.dot",
    "algorithm": "YOTO",
    "arch_type": "ONE_HOP",
    "total_edges": 20,
    "visited_edges": 19,
    "n_copies": 100,
    "total_threads": 600,
    "n_cells": 25,
    "n_lines": 5,
    "n_columns": 5,
    "num_annotations": 0,
    "best_thread": "Exec_0_TH_3",
    "best_dist": 0,
    "exec_max_clk": 722,
    "exec_min_clk": 310,
    "exec_avg_clk": 450.93,
    "th_max_clk": 120,
    "th_min_clk": 32,
    "th_avg_clk": 56.876666666666665,
    "best_placement": [
        [
            15,
            11,
            14,
            9,
            10
        ],
        [
            13,
            17,
            12,
            18,
            -1
        ],
        [
            -1,
            -1,
            2,
            4,
            1
        ],
        [
            -1,
            7,
            8,
            6,
            19
        ],
        [
            -1,
            16,
            3,
            5,
            0
        ]
    ],
    "th_placement_distances": {
        "18_17": 1,
        "17_11": 1,
        "11_9": 1,
        "9_10": 1,
        "10_14": 1,
        "14_15": 1,
        "9_4": 1,
        "4_2": 1,
        "2_3": 1,
        "3_16": 1,
        "16_5": 1,
        "5_6": 1,
        "6_8": 1,
        "8_19": 1,
        "6_7": 1,
        "3_0": 1,
        "0_1": 1,
        "2_12": 1,
        "12_13": 1,
        "12_17": 1
    },
    "nodes_dict": {
        "0": 0,
        "18": 1,
        "4": 2,
        "12": 3,
        "15": 4,
        "5": 5,
        "6": 6,
        "3": 7,
        "17": 8,
        "7": 9,
        "19": 10,
        "9": 11,
        "10": 12,
        "1": 13,
        "11": 14,
        "13": 15,
        "16": 16,
        "14": 17,
        "2": 18,
        "8": 19
    },
    "th": 99.84025559105432,
    "path_th": [
        "14",
        "10",
        "4",
        "12",
        "16",
        "5",
        "6",
        "17",
        "8"
    ]
}