{
    "graph_name": "mults1.dot",
    "algorithm": "YOTO",
    "arch_type": "ONE_HOP",
    "total_edges": 27,
    "visited_edges": 23,
    "n_copies": 100,
    "total_threads": 600,
    "n_cells": 25,
    "n_lines": 5,
    "n_columns": 5,
    "num_annotations": 0,
    "best_thread": "Exec_27_TH_1",
    "best_dist": 2,
    "exec_max_clk": 975,
    "exec_min_clk": 503,
    "exec_avg_clk": 707.04,
    "th_max_clk": 163,
    "th_min_clk": 49,
    "th_avg_clk": 88.43666666666667,
    "best_placement": [
        [
            10,
            21,
            9,
            -1,
            8
        ],
        [
            1,
            2,
            15,
            20,
            7
        ],
        [
            17,
            18,
            16,
            6,
            11
        ],
        [
            0,
            19,
            4,
            5,
            3
        ],
        [
            23,
            14,
            22,
            13,
            12
        ]
    ],
    "th_placement_distances": {
        "19_18": 1,
        "18_14": 1,
        "14_23": 1,
        "23_22": 1,
        "22_13": 1,
        "13_12": 1,
        "12_11": 1,
        "11_3": 1,
        "3_7": 1,
        "7_8": 1,
        "8_9": 1,
        "9_21": 1,
        "21_10": 1,
        "10_17": 1,
        "17_16": 1,
        "16_6": 1,
        "6_20": 1,
        "20_5": 1,
        "5_4": 1,
        "4_3": 1,
        "0_1": 1,
        "1_2": 1,
        "2_15": 1,
        "18_17": 1,
        "15_16": 1,
        "3_0": 2,
        "15_18": 2
    },
    "nodes_dict": {
        "mul0": 0,
        "load2": 1,
        "mul3": 2,
        "add5": 3,
        "mul7": 4,
        "load9": 5,
        "mul10": 6,
        "add12": 7,
        "mul14": 8,
        "load16": 9,
        "mul17": 10,
        "add19": 11,
        "mul21": 12,
        "load23": 13,
        "mul24": 14,
        "add26": 15,
        "add27": 16,
        "add28": 17,
        "add29": 18,
        "output30": 19,
        "reg0": 20,
        "reg1": 21,
        "reg2": 22,
        "reg3": 23
    },
    "th": 79.96158770806659,
    "path_th": [
        "add5",
        "mul7",
        "load9",
        "reg0",
        "mul10",
        "add27",
        "add28",
        "add29",
        "output30"
    ]
}