{
    "graph_name": "tree16-4x4.dot",
    "algorithm": "YOTO",
    "arch_type": "ONE_HOP",
    "total_edges": 15,
    "visited_edges": 15,
    "n_copies": 100,
    "total_threads": 600,
    "n_cells": 16,
    "n_lines": 4,
    "n_columns": 4,
    "num_annotations": 0,
    "best_thread": "Exec_0_TH_0",
    "best_dist": 0,
    "exec_max_clk": 697,
    "exec_min_clk": 358,
    "exec_avg_clk": 497.56,
    "th_max_clk": 116,
    "th_min_clk": 25,
    "th_avg_clk": 62.156666666666666,
    "best_placement": [
        [
            11,
            15,
            12,
            7
        ],
        [
            3,
            4,
            6,
            5
        ],
        [
            0,
            14,
            1,
            8
        ],
        [
            2,
            13,
            10,
            9
        ]
    ],
    "th_placement_distances": {
        "1_0": 1,
        "0_2": 1,
        "2_13": 1,
        "2_3": 1,
        "3_4": 1,
        "0_11": 1,
        "11_12": 1,
        "11_15": 1,
        "15_7": 1,
        "7_5": 1,
        "5_6": 1,
        "6_10": 1,
        "15_14": 1,
        "14_8": 1,
        "8_9": 1
    },
    "nodes_dict": {
        "1": 0,
        "6": 1,
        "12": 2,
        "2": 3,
        "8": 4,
        "3": 5,
        "7": 6,
        "4": 7,
        "5": 8,
        "13": 9,
        "0": 10,
        "11": 11,
        "10": 12,
        "9": 13,
        "14": 14,
        "15": 15
    },
    "th": 99.95999199839967,
    "path_th": [
        "15",
        "11",
        "1",
        "12",
        "2",
        "8"
    ]
}