{
    "graph_name": "tree25-5x5-MC=1.dot",
    "algorithm": "YOTO",
    "arch_type": "ONE_HOP",
    "total_edges": 25,
    "visited_edges": 24,
    "n_copies": 100,
    "total_threads": 600,
    "n_cells": 25,
    "n_lines": 5,
    "n_columns": 5,
    "num_annotations": 0,
    "best_thread": "Exec_16_TH_5",
    "best_dist": 0,
    "exec_max_clk": 1517,
    "exec_min_clk": 725,
    "exec_avg_clk": 1076.16,
    "th_max_clk": 253,
    "th_min_clk": 53,
    "th_avg_clk": 132.09666666666666,
    "best_placement": [
        [
            13,
            19,
            12,
            17,
            14
        ],
        [
            15,
            10,
            4,
            22,
            23
        ],
        [
            7,
            9,
            18,
            16,
            24
        ],
        [
            3,
            8,
            1,
            0,
            2
        ],
        [
            5,
            11,
            6,
            20,
            21
        ]
    ],
    "th_placement_distances": {
        "19_17": 1,
        "17_12": 1,
        "12_13": 1,
        "13_15": 1,
        "12_14": 1,
        "17_16": 1,
        "16_18": 1,
        "16_22": 1,
        "22_0": 1,
        "0_1": 1,
        "1_2": 1,
        "2_21": 1,
        "1_3": 1,
        "3_7": 1,
        "7_5": 1,
        "5_6": 1,
        "5_3": 1,
        "3_8": 1,
        "8_9": 1,
        "9_10": 1,
        "9_11": 1,
        "11_20": 1,
        "1_4": 1,
        "22_23": 1,
        "23_24": 1
    },
    "nodes_dict": {
        "1": 0,
        "21": 1,
        "10": 2,
        "14": 3,
        "19": 4,
        "2": 5,
        "13": 6,
        "22": 7,
        "3": 8,
        "9": 9,
        "18": 10,
        "23": 11,
        "4": 12,
        "11": 13,
        "12": 14,
        "5": 15,
        "8": 16,
        "15": 17,
        "17": 18,
        "20": 19,
        "0": 20,
        "6": 21,
        "16": 22,
        "24": 23,
        "7": 24
    },
    "th": 66.63998932906496,
    "path_th": [
        "16",
        "1",
        "21",
        "14",
        "3",
        "9",
        "23",
        "0"
    ]
}