{
    "graph_name": "tree16-4x4-MC=1.dot",
    "algorithm": "YOTO",
    "arch_type": "ONE_HOP",
    "total_edges": 16,
    "visited_edges": 15,
    "n_copies": 100,
    "total_threads": 600,
    "n_cells": 16,
    "n_lines": 4,
    "n_columns": 4,
    "num_annotations": 0,
    "best_thread": "Exec_7_TH_1",
    "best_dist": 0,
    "exec_max_clk": 785,
    "exec_min_clk": 350,
    "exec_avg_clk": 528.76,
    "th_max_clk": 131,
    "th_min_clk": 30,
    "th_avg_clk": 64.37166666666667,
    "best_placement": [
        [
            2,
            8,
            4,
            7
        ],
        [
            0,
            1,
            12,
            6
        ],
        [
            3,
            14,
            15,
            9
        ],
        [
            5,
            10,
            13,
            11
        ]
    ],
    "th_placement_distances": {
        "1_0": 1,
        "0_2": 1,
        "2_3": 1,
        "3_5": 1,
        "2_4": 1,
        "0_12": 1,
        "12_13": 1,
        "12_15": 1,
        "15_14": 1,
        "14_10": 1,
        "10_11": 1,
        "15_9": 1,
        "9_6": 1,
        "6_7": 1,
        "7_9": 1,
        "7_8": 1
    },
    "nodes_dict": {
        "1": 0,
        "6": 1,
        "12": 2,
        "2": 3,
        "9": 4,
        "8": 5,
        "3": 6,
        "7": 7,
        "0": 8,
        "4": 9,
        "5": 10,
        "13": 11,
        "11": 12,
        "10": 13,
        "14": 14,
        "15": 15
    },
    "th": 66.65777540677514,
    "path_th": [
        "15",
        "11",
        "1",
        "12",
        "2",
        "8"
    ]
}