{
    "graph_name": "tree27-6x6.dot",
    "algorithm": "YOTO",
    "arch_type": "ONE_HOP",
    "total_edges": 26,
    "visited_edges": 26,
    "n_copies": 100,
    "total_threads": 600,
    "n_cells": 36,
    "n_lines": 6,
    "n_columns": 6,
    "num_annotations": 0,
    "best_thread": "Exec_0_TH_2",
    "best_dist": 0,
    "exec_max_clk": 1111,
    "exec_min_clk": 417,
    "exec_avg_clk": 688.3,
    "th_max_clk": 185,
    "th_min_clk": 41,
    "th_avg_clk": 82.78833333333333,
    "best_placement": [
        [
            -1,
            13,
            18,
            16,
            17,
            20
        ],
        [
            -1,
            1,
            -1,
            5,
            6,
            -1
        ],
        [
            12,
            11,
            21,
            14,
            19,
            3
        ],
        [
            -1,
            0,
            2,
            15,
            -1,
            4
        ],
        [
            -1,
            7,
            8,
            23,
            24,
            9
        ],
        [
            -1,
            -1,
            25,
            22,
            26,
            10
        ]
    ],
    "th_placement_distances": {
        "1_0": 1,
        "0_2": 1,
        "0_15": 1,
        "15_22": 1,
        "22_23": 1,
        "23_9": 1,
        "9_10": 1,
        "10_26": 1,
        "15_14": 1,
        "14_16": 1,
        "16_17": 1,
        "17_20": 1,
        "20_3": 1,
        "3_4": 1,
        "17_19": 1,
        "19_21": 1,
        "17_18": 1,
        "16_13": 1,
        "13_11": 1,
        "11_7": 1,
        "7_8": 1,
        "8_24": 1,
        "8_25": 1,
        "11_12": 1,
        "14_5": 1,
        "5_6": 1
    },
    "nodes_dict": {
        "2": 0,
        "1": 1,
        "13": 2,
        "4": 3,
        "8": 4,
        "5": 5,
        "14": 6,
        "6": 7,
        "21": 8,
        "7": 9,
        "26": 10,
        "10": 11,
        "3": 12,
        "11": 13,
        "12": 14,
        "20": 15,
        "25": 16,
        "15": 17,
        "16": 18,
        "17": 19,
        "23": 20,
        "9": 21,
        "19": 22,
        "22": 23,
        "0": 24,
        "18": 25,
        "24": 26
    },
    "th": 99.88014382740711,
    "path_th": [
        "12",
        "25",
        "11",
        "10",
        "6",
        "21",
        "0"
    ]
}