{
    "graph_name": "BBT-h4-MC=1.dot",
    "algorithm": "YOTO",
    "arch_type": "MESH",
    "total_edges": 31,
    "visited_edges": 30,
    "n_copies": 10,
    "total_threads": 60,
    "n_cells": 36,
    "n_lines": 6,
    "n_columns": 6,
    "num_annotations": 0,
    "best_thread": "Exec_4_TH_2",
    "best_dist": 7,
    "exec_max_clk": 2378,
    "exec_min_clk": 909,
    "exec_avg_clk": 1441.2,
    "th_max_clk": 396,
    "th_min_clk": 82,
    "th_avg_clk": 173.51666666666668,
    "best_placement": [
        [
            19,
            22,
            -1,
            -1,
            -1,
            29
        ],
        [
            10,
            4,
            27,
            13,
            7,
            14
        ],
        [
            20,
            5,
            0,
            28,
            2,
            30
        ],
        [
            21,
            18,
            1,
            23,
            6,
            11
        ],
        [
            17,
            9,
            3,
            26,
            12,
            24
        ],
        [
            -1,
            16,
            8,
            15,
            25,
            -1
        ]
    ],
    "th_placement_distances": {
        "28_13": 1,
        "13_27": 1,
        "13_7": 1,
        "7_14": 1,
        "14_29": 1,
        "14_30": 1,
        "7_2": 1,
        "2_6": 1,
        "6_11": 1,
        "11_24": 1,
        "6_12": 1,
        "12_26": 1,
        "12_25": 1,
        "0_1": 1,
        "1_3": 1,
        "3_8": 1,
        "8_16": 1,
        "8_15": 1,
        "3_9": 1,
        "9_18": 1,
        "9_17": 1,
        "5_4": 1,
        "4_10": 1,
        "10_19": 1,
        "10_20": 1,
        "11_23": 2,
        "2_0": 2,
        "1_5": 2,
        "5_22": 2,
        "5_21": 2,
        "4_1": 3
    },
    "nodes_dict": {
        "0": 0,
        "1": 1,
        "2": 2,
        "3": 3,
        "4": 4,
        "10": 5,
        "5": 6,
        "6": 7,
        "7": 8,
        "8": 9,
        "9": 10,
        "11": 11,
        "12": 12,
        "13": 13,
        "14": 14,
        "15": 15,
        "16": 16,
        "17": 17,
        "18": 18,
        "19": 19,
        "20": 20,
        "21": 21,
        "22": 22,
        "23": 23,
        "24": 24,
        "25": 25,
        "26": 26,
        "27": 27,
        "28": 28,
        "29": 29,
        "30": 30
    },
    "th": 49.97501249375313,
    "path_th": [
        "0",
        "1",
        "4",
        "10",
        "21"
    ]
}