{
    "graph_name": "dag30-6x6-MC=1.dot",
    "algorithm": "YOTO",
    "arch_type": "MESH",
    "total_edges": 33,
    "visited_edges": 29,
    "n_copies": 10,
    "total_threads": 60,
    "n_cells": 36,
    "n_lines": 6,
    "n_columns": 6,
    "num_annotations": 0,
    "best_thread": "Exec_0_TH_3",
    "best_dist": 3,
    "exec_max_clk": 1094,
    "exec_min_clk": 673,
    "exec_avg_clk": 839.2,
    "th_max_clk": 182,
    "th_min_clk": 54,
    "th_avg_clk": 101.66666666666667,
    "best_placement": [
        [
            10,
            8,
            3,
            1,
            -1,
            -1
        ],
        [
            9,
            7,
            25,
            2,
            0,
            -1
        ],
        [
            24,
            17,
            15,
            16,
            28,
            -1
        ],
        [
            23,
            22,
            14,
            29,
            27,
            -1
        ],
        [
            11,
            -1,
            20,
            18,
            26,
            12
        ],
        [
            6,
            5,
            4,
            19,
            21,
            13
        ]
    ],
    "th_placement_distances": {
        "13_12": 1,
        "12_26": 1,
        "26_21": 1,
        "21_19": 1,
        "19_4": 1,
        "4_5": 1,
        "5_6": 1,
        "6_11": 1,
        "19_18": 1,
        "18_20": 1,
        "20_14": 1,
        "14_15": 1,
        "15_16": 1,
        "16_2": 1,
        "2_25": 1,
        "25_3": 1,
        "3_1": 1,
        "1_2": 1,
        "2_0": 1,
        "0_28": 1,
        "28_27": 1,
        "27_29": 1,
        "22_23": 1,
        "15_17": 1,
        "17_24": 1,
        "24_9": 1,
        "9_7": 1,
        "7_8": 1,
        "8_10": 1,
        "7_17": 1,
        "0_1": 2,
        "27_18": 2,
        "29_22": 2
    },
    "nodes_dict": {
        "0": 0,
        "19": 1,
        "28": 2,
        "9": 3,
        "1": 4,
        "12": 5,
        "3": 6,
        "2": 7,
        "14": 8,
        "29": 9,
        "25": 10,
        "24": 11,
        "4": 12,
        "13": 13,
        "5": 14,
        "8": 15,
        "18": 16,
        "21": 17,
        "6": 18,
        "11": 19,
        "15": 20,
        "22": 21,
        "7": 22,
        "26": 23,
        "10": 24,
        "16": 25,
        "20": 26,
        "17": 27,
        "27": 28,
        "23": 29
    },
    "th": 33.32000533120085,
    "path_th": [
        "23",
        "17",
        "6",
        "15",
        "5",
        "8",
        "21",
        "2",
        "14",
        "25"
    ]
}