{
    "graph_name": "tree18-5x5-MC=1.dot",
    "algorithm": "YOTO",
    "arch_type": "MESH",
    "total_edges": 18,
    "visited_edges": 17,
    "n_copies": 10,
    "total_threads": 60,
    "n_cells": 25,
    "n_lines": 5,
    "n_columns": 5,
    "num_annotations": 0,
    "best_thread": "Exec_3_TH_1",
    "best_dist": 1,
    "exec_max_clk": 541,
    "exec_min_clk": 412,
    "exec_avg_clk": 479.5,
    "th_max_clk": 90,
    "th_min_clk": 27,
    "th_avg_clk": 58.733333333333334,
    "best_placement": [
        [
            15,
            14,
            16,
            -1,
            -1
        ],
        [
            13,
            12,
            17,
            0,
            1
        ],
        [
            6,
            4,
            3,
            2,
            -1
        ],
        [
            5,
            7,
            9,
            10,
            -1
        ],
        [
            8,
            -1,
            11,
            -1,
            -1
        ]
    ],
    "th_placement_distances": {
        "13_12": 1,
        "12_17": 1,
        "17_3": 1,
        "3_4": 1,
        "4_6": 1,
        "6_5": 1,
        "4_7": 1,
        "7_9": 1,
        "9_11": 1,
        "9_10": 1,
        "5_8": 1,
        "3_2": 1,
        "2_0": 1,
        "0_1": 1,
        "17_16": 1,
        "16_14": 1,
        "14_15": 1,
        "5_4": 2
    },
    "nodes_dict": {
        "0": 0,
        "6": 1,
        "1": 2,
        "2": 3,
        "8": 4,
        "4": 5,
        "12": 6,
        "16": 7,
        "7": 8,
        "5": 9,
        "3": 10,
        "9": 11,
        "10": 12,
        "13": 13,
        "11": 14,
        "17": 15,
        "14": 16,
        "15": 17
    },
    "th": 99.9000999000999,
    "path_th": [
        "15",
        "2",
        "8",
        "12",
        "4",
        "7"
    ]
}