{
    "graph_name": "tree23-5x5.dot",
    "algorithm": "YOTO",
    "arch_type": "ONE_HOP",
    "total_edges": 22,
    "visited_edges": 22,
    "n_copies": 1,
    "total_threads": 6,
    "n_cells": 25,
    "n_lines": 5,
    "n_columns": 5,
    "num_annotations": 0,
    "best_thread": "Exec_0_TH_0",
    "best_dist": 2,
    "exec_max_clk": 684,
    "exec_min_clk": 684,
    "exec_avg_clk": 684.0,
    "th_max_clk": 114,
    "th_min_clk": 77,
    "th_avg_clk": 92.33333333333333,
    "best_placement": [
        [
            11,
            0,
            1,
            -1,
            19
        ],
        [
            9,
            12,
            15,
            21,
            -1
        ],
        [
            8,
            14,
            6,
            16,
            17
        ],
        [
            20,
            13,
            5,
            22,
            4
        ],
        [
            10,
            18,
            2,
            7,
            3
        ]
    ],
    "th_placement_distances": {
        "19_1": 1,
        "1_0": 1,
        "0_11": 1,
        "11_8": 1,
        "8_9": 1,
        "9_12": 1,
        "12_14": 1,
        "12_15": 1,
        "15_21": 1,
        "21_22": 1,
        "12_13": 1,
        "13_5": 1,
        "5_6": 1,
        "13_20": 1,
        "8_10": 1,
        "10_18": 1,
        "16_17": 1,
        "16_7": 1,
        "7_2": 1,
        "2_3": 1,
        "8_16": 2,
        "2_4": 2
    },
    "nodes_dict": {
        "0": 0,
        "11": 1,
        "1": 2,
        "12": 3,
        "18": 4,
        "2": 5,
        "17": 6,
        "3": 7,
        "4": 8,
        "5": 9,
        "10": 10,
        "19": 11,
        "7": 12,
        "14": 13,
        "15": 14,
        "16": 15,
        "9": 16,
        "8": 17,
        "21": 18,
        "13": 19,
        "22": 20,
        "20": 21,
        "6": 22
    },
    "th": 99.86019572598363,
    "path_th": [
        "9",
        "4",
        "5",
        "7",
        "14",
        "2",
        "17"
    ]
}