{
    "graph_name": "dag18-5x5.dot",
    "algorithm": "YOTO",
    "arch_type": "MESH",
    "total_edges": 20,
    "visited_edges": 17,
    "n_copies": 1,
    "total_threads": 6,
    "n_cells": 25,
    "n_lines": 5,
    "n_columns": 5,
    "num_annotations": 0,
    "best_thread": "Exec_0_TH_2",
    "best_dist": 4,
    "exec_max_clk": 292,
    "exec_min_clk": 292,
    "exec_avg_clk": 292.0,
    "th_max_clk": 49,
    "th_min_clk": 29,
    "th_avg_clk": 38.166666666666664,
    "best_placement": [
        [
            -1,
            -1,
            -1,
            9,
            10
        ],
        [
            -1,
            -1,
            11,
            12,
            -1
        ],
        [
            8,
            -1,
            16,
            13,
            14
        ],
        [
            7,
            4,
            1,
            0,
            17
        ],
        [
            5,
            6,
            3,
            2,
            15
        ]
    ],
    "th_placement_distances": {
        "17_15": 1,
        "15_2": 1,
        "2_0": 1,
        "0_1": 1,
        "1_4": 1,
        "1_3": 1,
        "3_2": 1,
        "3_6": 1,
        "6_5": 1,
        "5_7": 1,
        "7_8": 1,
        "0_13": 1,
        "13_14": 1,
        "13_16": 1,
        "16_11": 1,
        "11_12": 1,
        "12_9": 1,
        "9_10": 1,
        "5_1": 3,
        "13_15": 3
    },
    "nodes_dict": {
        "0": 0,
        "1": 1,
        "9": 2,
        "2": 3,
        "3": 4,
        "5": 5,
        "11": 6,
        "4": 7,
        "12": 8,
        "6": 9,
        "15": 10,
        "7": 11,
        "16": 12,
        "8": 13,
        "14": 14,
        "17": 15,
        "10": 16,
        "13": 17
    },
    "th": 49.96003197442047,
    "path_th": [
        "10",
        "8",
        "0",
        "1",
        "5",
        "4",
        "12"
    ]
}