{
    "graph_name": "dag15-4x4-MC=1.dot",
    "algorithm": "YOTO",
    "arch_type": "MESH",
    "total_edges": 18,
    "visited_edges": 14,
    "n_copies": 1,
    "total_threads": 6,
    "n_cells": 16,
    "n_lines": 4,
    "n_columns": 4,
    "num_annotations": 0,
    "best_thread": "Exec_0_TH_4",
    "best_dist": 10,
    "exec_max_clk": 446,
    "exec_min_clk": 446,
    "exec_avg_clk": 446.0,
    "th_max_clk": 74,
    "th_min_clk": 38,
    "th_avg_clk": 53.833333333333336,
    "best_placement": [
        [
            3,
            2,
            6,
            13
        ],
        [
            8,
            10,
            5,
            7
        ],
        [
            14,
            11,
            1,
            0
        ],
        [
            12,
            4,
            9,
            -1
        ]
    ],
    "th_placement_distances": {
        "1_0": 1,
        "0_7": 1,
        "7_13": 1,
        "7_5": 1,
        "5_6": 1,
        "6_2": 1,
        "2_3": 1,
        "3_8": 1,
        "8_14": 1,
        "5_10": 1,
        "10_11": 1,
        "4_12": 1,
        "4_9": 1,
        "2_5": 2,
        "13_1": 3,
        "2_4": 3,
        "6_0": 3,
        "3_7": 4
    },
    "nodes_dict": {
        "2": 0,
        "1": 1,
        "6": 2,
        "7": 3,
        "9": 4,
        "10": 5,
        "12": 6,
        "8": 7,
        "14": 8,
        "3": 9,
        "11": 10,
        "0": 11,
        "13": 12,
        "5": 13,
        "15": 14
    },
    "th": 57.11836314796822,
    "path_th": [
        "6",
        "7",
        "8",
        "2",
        "1"
    ]
}