{
    "graph_name": "dag20-5x5-MC=1.dot",
    "algorithm": "YOTO",
    "arch_type": "MESH",
    "total_edges": 21,
    "visited_edges": 19,
    "n_copies": 1,
    "total_threads": 6,
    "n_cells": 25,
    "n_lines": 5,
    "n_columns": 5,
    "num_annotations": 0,
    "best_thread": "Exec_0_TH_3",
    "best_dist": 4,
    "exec_max_clk": 545,
    "exec_min_clk": 545,
    "exec_avg_clk": 545.0,
    "th_max_clk": 91,
    "th_min_clk": 33,
    "th_avg_clk": 54.333333333333336,
    "best_placement": [
        [
            -1,
            16,
            19,
            4,
            11
        ],
        [
            -1,
            15,
            18,
            14,
            12
        ],
        [
            -1,
            2,
            8,
            10,
            13
        ],
        [
            0,
            3,
            7,
            9,
            17
        ],
        [
            1,
            5,
            6,
            -1,
            -1
        ]
    ],
    "th_placement_distances": {
        "4_11": 1,
        "11_12": 1,
        "12_14": 1,
        "14_18": 1,
        "18_15": 1,
        "15_16": 1,
        "15_2": 1,
        "2_3": 1,
        "3_5": 1,
        "5_6": 1,
        "6_7": 1,
        "7_8": 1,
        "7_9": 1,
        "9_10": 1,
        "3_0": 1,
        "0_1": 1,
        "18_19": 1,
        "12_13": 1,
        "13_17": 1,
        "14_11": 2,
        "2_4": 4
    },
    "nodes_dict": {
        "0": 0,
        "18": 1,
        "4": 2,
        "12": 3,
        "15": 4,
        "16": 5,
        "5": 6,
        "6": 7,
        "3": 8,
        "17": 9,
        "8": 10,
        "7": 11,
        "19": 12,
        "11": 13,
        "9": 14,
        "10": 15,
        "1": 16,
        "13": 17,
        "14": 18,
        "2": 19
    },
    "th": 33.324446814182885,
    "path_th": [
        "14",
        "10",
        "4",
        "12",
        "16",
        "5",
        "6",
        "17",
        "8"
    ]
}