{
    "graph_name": "dag24-5x5.dot",
    "algorithm": "YOTO",
    "arch_type": "MESH",
    "total_edges": 28,
    "visited_edges": 23,
    "n_copies": 1,
    "total_threads": 6,
    "n_cells": 25,
    "n_lines": 5,
    "n_columns": 5,
    "num_annotations": 0,
    "best_thread": "Exec_0_TH_5",
    "best_dist": 12,
    "exec_max_clk": 619,
    "exec_min_clk": 619,
    "exec_avg_clk": 619.0,
    "th_max_clk": 103,
    "th_min_clk": 63,
    "th_avg_clk": 83.16666666666667,
    "best_placement": [
        [
            20,
            19,
            7,
            5,
            16
        ],
        [
            2,
            -1,
            9,
            6,
            14
        ],
        [
            3,
            22,
            13,
            17,
            15
        ],
        [
            4,
            1,
            0,
            18,
            23
        ],
        [
            21,
            8,
            12,
            11,
            10
        ]
    ],
    "th_placement_distances": {
        "1_0": 1,
        "0_18": 1,
        "18_23": 1,
        "23_10": 1,
        "10_11": 1,
        "11_12": 1,
        "12_8": 1,
        "8_21": 1,
        "21_4": 1,
        "4_3": 1,
        "3_2": 1,
        "2_20": 1,
        "20_19": 1,
        "19_7": 1,
        "7_5": 1,
        "5_6": 1,
        "5_16": 1,
        "16_14": 1,
        "14_15": 1,
        "15_17": 1,
        "17_18": 1,
        "7_9": 1,
        "4_22": 2,
        "12_13": 2,
        "6_23": 3,
        "16_19": 3,
        "9_3": 3,
        "6_8": 5
    },
    "nodes_dict": {
        "0": 0,
        "13": 1,
        "1": 2,
        "18": 3,
        "20": 4,
        "2": 5,
        "14": 6,
        "21": 7,
        "9": 8,
        "16": 9,
        "3": 10,
        "19": 11,
        "4": 12,
        "23": 13,
        "7": 14,
        "5": 15,
        "17": 16,
        "24": 17,
        "15": 18,
        "8": 19,
        "12": 20,
        "10": 21,
        "22": 22,
        "11": 23
    },
    "th": 49.97498749374687,
    "path_th": [
        "7",
        "17",
        "2",
        "14",
        "9",
        "10",
        "20",
        "22"
    ]
}