{
    "graph_name": "dag27-6x6-MC=1.dot",
    "algorithm": "YOTO",
    "arch_type": "MESH",
    "total_edges": 29,
    "visited_edges": 26,
    "n_copies": 1,
    "total_threads": 6,
    "n_cells": 36,
    "n_lines": 6,
    "n_columns": 6,
    "num_annotations": 0,
    "best_thread": "Exec_0_TH_0",
    "best_dist": 6,
    "exec_max_clk": 664,
    "exec_min_clk": 664,
    "exec_avg_clk": 664.0,
    "th_max_clk": 111,
    "th_min_clk": 62,
    "th_avg_clk": 83.66666666666667,
    "best_placement": [
        [
            15,
            21,
            13,
            14,
            -1,
            -1
        ],
        [
            12,
            23,
            22,
            16,
            26,
            -1
        ],
        [
            5,
            6,
            7,
            -1,
            -1,
            -1
        ],
        [
            -1,
            8,
            17,
            25,
            11,
            9
        ],
        [
            -1,
            19,
            18,
            20,
            10,
            4
        ],
        [
            -1,
            3,
            1,
            0,
            24,
            2
        ]
    ],
    "th_placement_distances": {
        "25_20": 1,
        "20_10": 1,
        "10_24": 1,
        "24_0": 1,
        "0_1": 1,
        "1_3": 1,
        "10_11": 1,
        "2_4": 1,
        "4_9": 1,
        "20_18": 1,
        "18_19": 1,
        "18_17": 1,
        "17_8": 1,
        "8_6": 1,
        "6_7": 1,
        "7_22": 1,
        "22_13": 1,
        "13_21": 1,
        "13_14": 1,
        "14_16": 1,
        "16_26": 1,
        "22_23": 1,
        "6_5": 1,
        "5_12": 1,
        "0_2": 2,
        "2_10": 2,
        "24_20": 2,
        "13_15": 2,
        "21_7": 3
    },
    "nodes_dict": {
        "0": 0,
        "5": 1,
        "18": 2,
        "3": 3,
        "4": 4,
        "2": 5,
        "15": 6,
        "10": 7,
        "19": 8,
        "1": 9,
        "6": 10,
        "22": 11,
        "7": 12,
        "8": 13,
        "12": 14,
        "24": 15,
        "25": 16,
        "9": 17,
        "11": 18,
        "14": 19,
        "26": 20,
        "16": 21,
        "17": 22,
        "21": 23,
        "13": 24,
        "23": 25,
        "20": 26
    },
    "th": 33.308906801678766,
    "path_th": [
        "7",
        "2",
        "15",
        "19",
        "9",
        "11",
        "26",
        "13",
        "0",
        "18",
        "4",
        "1"
    ]
}