{
    "graph_name": "tree27-6x6.dot",
    "algorithm": "YOTO",
    "arch_type": "MESH",
    "total_edges": 26,
    "visited_edges": 26,
    "n_copies": 1,
    "total_threads": 6,
    "n_cells": 36,
    "n_lines": 6,
    "n_columns": 6,
    "num_annotations": 0,
    "best_thread": "Exec_0_TH_0",
    "best_dist": 7,
    "exec_max_clk": 734,
    "exec_min_clk": 734,
    "exec_avg_clk": 734.0,
    "th_max_clk": 122,
    "th_min_clk": 96,
    "th_avg_clk": 108.33333333333333,
    "best_placement": [
        [
            6,
            15,
            22,
            23,
            9,
            10
        ],
        [
            5,
            3,
            4,
            0,
            1,
            26
        ],
        [
            14,
            20,
            17,
            18,
            2,
            -1
        ],
        [
            13,
            16,
            19,
            21,
            -1,
            -1
        ],
        [
            11,
            7,
            8,
            25,
            -1,
            -1
        ],
        [
            12,
            -1,
            24,
            -1,
            -1,
            -1
        ]
    ],
    "th_placement_distances": {
        "18_17": 1,
        "17_19": 1,
        "19_21": 1,
        "17_20": 1,
        "20_3": 1,
        "3_4": 1,
        "16_13": 1,
        "13_11": 1,
        "11_7": 1,
        "7_8": 1,
        "8_24": 1,
        "8_25": 1,
        "11_12": 1,
        "14_5": 1,
        "5_6": 1,
        "15_22": 1,
        "22_23": 1,
        "23_9": 1,
        "9_10": 1,
        "10_26": 1,
        "0_1": 1,
        "17_16": 2,
        "16_14": 2,
        "0_2": 2,
        "14_15": 3,
        "15_0": 3
    },
    "nodes_dict": {
        "2": 0,
        "1": 1,
        "13": 2,
        "4": 3,
        "8": 4,
        "5": 5,
        "14": 6,
        "6": 7,
        "21": 8,
        "7": 9,
        "26": 10,
        "10": 11,
        "3": 12,
        "11": 13,
        "12": 14,
        "20": 15,
        "25": 16,
        "15": 17,
        "16": 18,
        "17": 19,
        "23": 20,
        "9": 21,
        "19": 22,
        "22": 23,
        "0": 24,
        "18": 25,
        "24": 26
    },
    "th": 99.93998799759952,
    "path_th": [
        "12",
        "25",
        "11",
        "10",
        "6",
        "21",
        "0"
    ]
}