{
    "graph_name": "tree16-4x4-MC=1.dot",
    "algorithm": "YOTO",
    "arch_type": "MESH",
    "total_edges": 16,
    "visited_edges": 15,
    "n_copies": 1,
    "total_threads": 6,
    "n_cells": 16,
    "n_lines": 4,
    "n_columns": 4,
    "num_annotations": 0,
    "best_thread": "Exec_0_TH_2",
    "best_dist": 3,
    "exec_max_clk": 450,
    "exec_min_clk": 450,
    "exec_avg_clk": 450.0,
    "th_max_clk": 75,
    "th_min_clk": 47,
    "th_avg_clk": 64.83333333333333,
    "best_placement": [
        [
            7,
            8,
            11,
            10
        ],
        [
            6,
            5,
            13,
            14
        ],
        [
            9,
            3,
            12,
            15
        ],
        [
            4,
            2,
            0,
            1
        ]
    ],
    "th_placement_distances": {
        "13_12": 1,
        "12_0": 1,
        "0_2": 1,
        "2_3": 1,
        "3_5": 1,
        "2_4": 1,
        "0_1": 1,
        "12_15": 1,
        "15_14": 1,
        "14_10": 1,
        "10_11": 1,
        "9_6": 1,
        "6_7": 1,
        "7_8": 1,
        "7_9": 2,
        "15_9": 3
    },
    "nodes_dict": {
        "1": 0,
        "6": 1,
        "12": 2,
        "2": 3,
        "9": 4,
        "8": 5,
        "3": 6,
        "7": 7,
        "0": 8,
        "4": 9,
        "5": 10,
        "13": 11,
        "11": 12,
        "10": 13,
        "14": 14,
        "15": 15
    },
    "th": 99.95999199839967,
    "path_th": [
        "15",
        "11",
        "1",
        "12",
        "2",
        "8"
    ]
}