{
    "graph_name": "tree25-5x5-MC=1.dot",
    "algorithm": "YOTO",
    "arch_type": "MESH",
    "total_edges": 25,
    "visited_edges": 24,
    "n_copies": 1,
    "total_threads": 6,
    "n_cells": 25,
    "n_lines": 5,
    "n_columns": 5,
    "num_annotations": 0,
    "best_thread": "Exec_0_TH_3",
    "best_dist": 5,
    "exec_max_clk": 806,
    "exec_min_clk": 806,
    "exec_avg_clk": 806.0,
    "th_max_clk": 134,
    "th_min_clk": 77,
    "th_avg_clk": 114.16666666666667,
    "best_placement": [
        [
            2,
            21,
            8,
            9,
            11
        ],
        [
            1,
            4,
            3,
            10,
            20
        ],
        [
            0,
            18,
            14,
            7,
            5
        ],
        [
            22,
            16,
            17,
            19,
            6
        ],
        [
            23,
            24,
            12,
            13,
            15
        ]
    ],
    "th_placement_distances": {
        "24_23": 1,
        "23_22": 1,
        "22_16": 1,
        "16_18": 1,
        "16_17": 1,
        "17_19": 1,
        "17_12": 1,
        "12_13": 1,
        "13_15": 1,
        "22_0": 1,
        "0_1": 1,
        "1_4": 1,
        "1_2": 1,
        "2_21": 1,
        "3_8": 1,
        "8_9": 1,
        "9_11": 1,
        "11_20": 1,
        "9_10": 1,
        "7_5": 1,
        "5_6": 1,
        "12_14": 2,
        "1_3": 2,
        "3_7": 2,
        "5_3": 3
    },
    "nodes_dict": {
        "1": 0,
        "21": 1,
        "10": 2,
        "14": 3,
        "19": 4,
        "2": 5,
        "13": 6,
        "22": 7,
        "3": 8,
        "9": 9,
        "18": 10,
        "23": 11,
        "4": 12,
        "11": 13,
        "12": 14,
        "5": 15,
        "8": 16,
        "15": 17,
        "17": 18,
        "20": 19,
        "0": 20,
        "6": 21,
        "16": 22,
        "24": 23,
        "7": 24
    },
    "th": 66.64887940234792,
    "path_th": [
        "16",
        "1",
        "21",
        "14",
        "3",
        "9",
        "23",
        "0"
    ]
}