{
    "graph_name": "tree20-5x5.dot",
    "algorithm": "YOTO",
    "arch_type": "MESH",
    "total_edges": 19,
    "visited_edges": 19,
    "n_copies": 1,
    "total_threads": 6,
    "n_cells": 25,
    "n_lines": 5,
    "n_columns": 5,
    "num_annotations": 0,
    "best_thread": "Exec_0_TH_1",
    "best_dist": 3,
    "exec_max_clk": 428,
    "exec_min_clk": 428,
    "exec_avg_clk": 428.0,
    "th_max_clk": 71,
    "th_min_clk": 47,
    "th_avg_clk": 61.333333333333336,
    "best_placement": [
        [
            9,
            8,
            12,
            4,
            0
        ],
        [
            11,
            10,
            6,
            5,
            1
        ],
        [
            14,
            17,
            7,
            -1,
            13
        ],
        [
            15,
            19,
            -1,
            -1,
            -1
        ],
        [
            18,
            2,
            3,
            16,
            -1
        ]
    ],
    "th_placement_distances": {
        "13_1": 1,
        "1_0": 1,
        "0_4": 1,
        "4_5": 1,
        "4_12": 1,
        "12_6": 1,
        "6_7": 1,
        "12_8": 1,
        "8_10": 1,
        "10_17": 1,
        "17_19": 1,
        "8_9": 1,
        "11_14": 1,
        "14_15": 1,
        "18_2": 1,
        "2_3": 1,
        "3_16": 1,
        "8_11": 2,
        "11_18": 3
    },
    "nodes_dict": {
        "0": 0,
        "10": 1,
        "1": 2,
        "12": 3,
        "5": 4,
        "8": 5,
        "6": 6,
        "17": 7,
        "7": 8,
        "4": 9,
        "13": 10,
        "15": 11,
        "19": 12,
        "2": 13,
        "11": 14,
        "3": 15,
        "9": 16,
        "16": 17,
        "18": 18,
        "14": 19
    },
    "th": 99.84025559105432,
    "path_th": [
        "7",
        "15",
        "18",
        "1",
        "12",
        "9"
    ]
}