{
    "graph_name": "tree16-4x4.dot",
    "algorithm": "YOTO",
    "arch_type": "MESH",
    "total_edges": 15,
    "visited_edges": 15,
    "n_copies": 1,
    "total_threads": 6,
    "n_cells": 16,
    "n_lines": 4,
    "n_columns": 4,
    "num_annotations": 0,
    "best_thread": "Exec_0_TH_3",
    "best_dist": 1,
    "exec_max_clk": 495,
    "exec_min_clk": 495,
    "exec_avg_clk": 495.0,
    "th_max_clk": 83,
    "th_min_clk": 36,
    "th_avg_clk": 61.833333333333336,
    "best_placement": [
        [
            5,
            7,
            9,
            8
        ],
        [
            6,
            4,
            15,
            14
        ],
        [
            10,
            3,
            11,
            12
        ],
        [
            13,
            2,
            0,
            1
        ]
    ],
    "th_placement_distances": {
        "12_11": 1,
        "11_0": 1,
        "0_1": 1,
        "0_2": 1,
        "2_3": 1,
        "3_4": 1,
        "2_13": 1,
        "11_15": 1,
        "15_14": 1,
        "14_8": 1,
        "8_9": 1,
        "7_5": 1,
        "5_6": 1,
        "6_10": 1,
        "15_7": 2
    },
    "nodes_dict": {
        "1": 0,
        "6": 1,
        "12": 2,
        "2": 3,
        "8": 4,
        "3": 5,
        "7": 6,
        "4": 7,
        "5": 8,
        "13": 9,
        "0": 10,
        "11": 11,
        "10": 12,
        "9": 13,
        "14": 14,
        "15": 15
    },
    "th": 99.95999199839967,
    "path_th": [
        "15",
        "11",
        "1",
        "12",
        "2",
        "8"
    ]
}