{
    "graph_name": "tree33-6x6.dot",
    "algorithm": "YOTO",
    "arch_type": "MESH",
    "total_edges": 32,
    "visited_edges": 32,
    "n_copies": 1,
    "total_threads": 6,
    "n_cells": 36,
    "n_lines": 6,
    "n_columns": 6,
    "num_annotations": 0,
    "best_thread": "Exec_0_TH_3",
    "best_dist": 3,
    "exec_max_clk": 902,
    "exec_min_clk": 902,
    "exec_avg_clk": 902.0,
    "th_max_clk": 150,
    "th_min_clk": 80,
    "th_avg_clk": 106.33333333333333,
    "best_placement": [
        [
            8,
            9,
            12,
            14,
            18,
            -1
        ],
        [
            10,
            15,
            21,
            24,
            19,
            -1
        ],
        [
            11,
            20,
            13,
            25,
            4,
            28
        ],
        [
            0,
            2,
            6,
            7,
            3,
            32
        ],
        [
            1,
            17,
            31,
            26,
            5,
            -1
        ],
        [
            16,
            29,
            22,
            23,
            30,
            27
        ]
    ],
    "th_placement_distances": {
        "9_8": 1,
        "8_10": 1,
        "10_15": 1,
        "15_21": 1,
        "21_12": 1,
        "12_14": 1,
        "14_18": 1,
        "18_19": 1,
        "14_24": 1,
        "24_25": 1,
        "11_20": 1,
        "11_0": 1,
        "0_2": 1,
        "2_6": 1,
        "6_7": 1,
        "7_26": 1,
        "7_3": 1,
        "3_4": 1,
        "4_28": 1,
        "28_32": 1,
        "3_5": 1,
        "5_30": 1,
        "0_1": 1,
        "1_16": 1,
        "1_17": 1,
        "17_31": 1,
        "17_29": 1,
        "29_22": 1,
        "22_23": 1,
        "12_13": 2,
        "8_11": 2,
        "23_27": 2
    },
    "nodes_dict": {
        "0": 0,
        "9": 1,
        "21": 2,
        "2": 3,
        "25": 4,
        "28": 5,
        "3": 6,
        "22": 7,
        "4": 8,
        "1": 9,
        "7": 10,
        "11": 11,
        "6": 12,
        "24": 13,
        "31": 14,
        "29": 15,
        "16": 16,
        "30": 17,
        "10": 18,
        "18": 19,
        "13": 20,
        "12": 21,
        "14": 22,
        "23": 23,
        "15": 24,
        "17": 25,
        "19": 26,
        "5": 27,
        "32": 28,
        "26": 29,
        "8": 30,
        "20": 31,
        "27": 32
    },
    "th": 99.91998399679936,
    "path_th": [
        "4",
        "11",
        "0",
        "21",
        "3",
        "22",
        "2",
        "25",
        "32",
        "27"
    ]
}