{
    "graph_name": "dag18-5x5-MC=1.dot",
    "algorithm": "YOTO",
    "arch_type": "ONE_HOP",
    "total_edges": 21,
    "visited_edges": 17,
    "n_copies": 10,
    "total_threads": 60,
    "n_cells": 25,
    "n_lines": 5,
    "n_columns": 5,
    "num_annotations": 0,
    "best_thread": "Exec_9_TH_1",
    "best_dist": 1,
    "exec_max_clk": 445,
    "exec_min_clk": 259,
    "exec_avg_clk": 337.7,
    "th_max_clk": 74,
    "th_min_clk": 27,
    "th_avg_clk": 42.21666666666667,
    "best_placement": [
        [
            -1,
            12,
            17,
            11,
            -1
        ],
        [
            4,
            9,
            1,
            3,
            6
        ],
        [
            -1,
            10,
            13,
            15,
            8
        ],
        [
            -1,
            -1,
            0,
            2,
            5
        ],
        [
            -1,
            -1,
            14,
            16,
            7
        ]
    ],
    "th_placement_distances": {
        "14_13": 1,
        "13_15": 1,
        "15_3": 1,
        "3_2": 1,
        "2_15": 1,
        "15_16": 1,
        "2_0": 1,
        "0_1": 1,
        "1_4": 1,
        "1_3": 1,
        "3_6": 1,
        "6_5": 1,
        "5_7": 1,
        "7_8": 1,
        "0_13": 1,
        "13_17": 1,
        "17_11": 1,
        "11_12": 1,
        "12_9": 1,
        "9_10": 1,
        "5_1": 2
    },
    "nodes_dict": {
        "0": 0,
        "1": 1,
        "9": 2,
        "2": 3,
        "3": 4,
        "5": 5,
        "11": 6,
        "4": 7,
        "12": 8,
        "6": 9,
        "15": 10,
        "7": 11,
        "16": 12,
        "8": 13,
        "14": 14,
        "17": 15,
        "13": 16,
        "10": 17
    },
    "th": 66.648882960987,
    "path_th": [
        "10",
        "8",
        "0",
        "1",
        "5",
        "4",
        "12"
    ]
}