{
    "graph_name": "dag27-6x6-MC=1.dot",
    "algorithm": "YOTO",
    "arch_type": "ONE_HOP",
    "total_edges": 29,
    "visited_edges": 26,
    "n_copies": 10,
    "total_threads": 60,
    "n_cells": 36,
    "n_lines": 6,
    "n_columns": 6,
    "num_annotations": 0,
    "best_thread": "Exec_0_TH_0",
    "best_dist": 1,
    "exec_max_clk": 829,
    "exec_min_clk": 400,
    "exec_avg_clk": 629.2,
    "th_max_clk": 138,
    "th_min_clk": 44,
    "th_avg_clk": 79.03333333333333,
    "best_placement": [
        [
            -1,
            -1,
            12,
            26,
            -1,
            -1
        ],
        [
            21,
            7,
            5,
            6,
            8,
            17
        ],
        [
            13,
            22,
            14,
            16,
            20,
            18
        ],
        [
            -1,
            23,
            9,
            4,
            25,
            19
        ],
        [
            15,
            -1,
            -1,
            2,
            10,
            11
        ],
        [
            -1,
            3,
            1,
            0,
            24,
            -1
        ]
    ],
    "th_placement_distances": {
        "15_13": 1,
        "13_14": 1,
        "14_16": 1,
        "16_26": 1,
        "13_22": 1,
        "22_23": 1,
        "22_7": 1,
        "7_21": 1,
        "21_13": 1,
        "7_6": 1,
        "6_8": 1,
        "8_17": 1,
        "17_18": 1,
        "18_19": 1,
        "18_20": 1,
        "20_25": 1,
        "20_10": 1,
        "10_24": 1,
        "24_0": 1,
        "0_2": 1,
        "2_10": 1,
        "10_11": 1,
        "2_4": 1,
        "4_9": 1,
        "0_1": 1,
        "1_3": 1,
        "6_5": 1,
        "5_12": 1,
        "24_20": 2
    },
    "nodes_dict": {
        "0": 0,
        "5": 1,
        "18": 2,
        "3": 3,
        "4": 4,
        "2": 5,
        "15": 6,
        "10": 7,
        "19": 8,
        "1": 9,
        "6": 10,
        "22": 11,
        "7": 12,
        "8": 13,
        "12": 14,
        "24": 15,
        "25": 16,
        "9": 17,
        "11": 18,
        "14": 19,
        "26": 20,
        "16": 21,
        "17": 22,
        "21": 23,
        "13": 24,
        "23": 25,
        "20": 26
    },
    "th": 49.979983987189755,
    "path_th": [
        "7",
        "2",
        "15",
        "19",
        "9",
        "11",
        "26",
        "13",
        "0",
        "18",
        "4",
        "1"
    ]
}