{
    "graph_name": "dag20-5x5-MC=1.dot",
    "algorithm": "YOTO",
    "arch_type": "ONE_HOP",
    "total_edges": 21,
    "visited_edges": 19,
    "n_copies": 10,
    "total_threads": 60,
    "n_cells": 25,
    "n_lines": 5,
    "n_columns": 5,
    "num_annotations": 0,
    "best_thread": "Exec_0_TH_5",
    "best_dist": 1,
    "exec_max_clk": 593,
    "exec_min_clk": 336,
    "exec_avg_clk": 437.4,
    "th_max_clk": 99,
    "th_min_clk": 35,
    "th_avg_clk": 53.71666666666667,
    "best_placement": [
        [
            -1,
            4,
            -1,
            2,
            3
        ],
        [
            8,
            12,
            -1,
            14,
            0
        ],
        [
            7,
            11,
            6,
            15,
            5
        ],
        [
            17,
            13,
            19,
            18,
            1
        ],
        [
            9,
            10,
            -1,
            16,
            -1
        ]
    ],
    "th_placement_distances": {
        "4_11": 1,
        "11_12": 1,
        "12_14": 1,
        "14_18": 1,
        "18_19": 1,
        "18_15": 1,
        "15_2": 1,
        "2_3": 1,
        "3_5": 1,
        "5_6": 1,
        "6_7": 1,
        "7_9": 1,
        "9_10": 1,
        "7_8": 1,
        "3_0": 1,
        "0_1": 1,
        "2_4": 1,
        "15_16": 1,
        "12_13": 1,
        "13_17": 1,
        "14_11": 2
    },
    "nodes_dict": {
        "0": 0,
        "18": 1,
        "4": 2,
        "12": 3,
        "15": 4,
        "16": 5,
        "5": 6,
        "6": 7,
        "3": 8,
        "17": 9,
        "8": 10,
        "7": 11,
        "19": 12,
        "11": 13,
        "9": 14,
        "10": 15,
        "1": 16,
        "13": 17,
        "14": 18,
        "2": 19
    },
    "th": 49.984995498649596,
    "path_th": [
        "14",
        "10",
        "4",
        "12",
        "16",
        "5",
        "6",
        "17",
        "8"
    ]
}