{
    "graph_name": "dag24-5x5.dot",
    "algorithm": "YOTO",
    "arch_type": "ONE_HOP",
    "total_edges": 28,
    "visited_edges": 23,
    "n_copies": 10,
    "total_threads": 60,
    "n_cells": 25,
    "n_lines": 5,
    "n_columns": 5,
    "num_annotations": 0,
    "best_thread": "Exec_1_TH_4",
    "best_dist": 5,
    "exec_max_clk": 923,
    "exec_min_clk": 638,
    "exec_avg_clk": 798.9,
    "th_max_clk": 154,
    "th_min_clk": 51,
    "th_avg_clk": 94.98333333333333,
    "best_placement": [
        [
            16,
            19,
            4,
            3,
            22
        ],
        [
            14,
            7,
            5,
            9,
            6
        ],
        [
            8,
            20,
            21,
            2,
            -1
        ],
        [
            13,
            17,
            10,
            18,
            23
        ],
        [
            12,
            15,
            11,
            0,
            1
        ]
    ],
    "th_placement_distances": {
        "15_17": 1,
        "17_18": 1,
        "18_23": 1,
        "23_6": 1,
        "6_5": 1,
        "5_7": 1,
        "7_19": 1,
        "19_20": 1,
        "20_2": 1,
        "2_3": 1,
        "3_9": 1,
        "9_7": 1,
        "3_4": 1,
        "4_21": 1,
        "21_8": 1,
        "8_12": 1,
        "12_11": 1,
        "11_10": 1,
        "10_23": 1,
        "12_13": 1,
        "4_22": 1,
        "19_16": 1,
        "16_14": 1,
        "18_0": 1,
        "0_1": 1,
        "16_5": 2,
        "8_6": 3,
        "14_15": 3
    },
    "nodes_dict": {
        "0": 0,
        "13": 1,
        "1": 2,
        "18": 3,
        "20": 4,
        "2": 5,
        "14": 6,
        "21": 7,
        "9": 8,
        "16": 9,
        "3": 10,
        "19": 11,
        "4": 12,
        "23": 13,
        "7": 14,
        "5": 15,
        "17": 16,
        "24": 17,
        "15": 18,
        "8": 19,
        "12": 20,
        "10": 21,
        "22": 22,
        "11": 23
    },
    "th": 74.95873968492123,
    "path_th": [
        "7",
        "17",
        "2",
        "14",
        "9",
        "10",
        "20",
        "22"
    ]
}