{
    "graph_name": "dag30-6x6-MC=1.dot",
    "algorithm": "YOTO",
    "arch_type": "ONE_HOP",
    "total_edges": 33,
    "visited_edges": 29,
    "n_copies": 10,
    "total_threads": 60,
    "n_cells": 36,
    "n_lines": 6,
    "n_columns": 6,
    "num_annotations": 0,
    "best_thread": "Exec_3_TH_0",
    "best_dist": 2,
    "exec_max_clk": 931,
    "exec_min_clk": 606,
    "exec_avg_clk": 744.5,
    "th_max_clk": 155,
    "th_min_clk": 58,
    "th_avg_clk": 90.48333333333333,
    "best_placement": [
        [
            7,
            9,
            17,
            15,
            14,
            16
        ],
        [
            -1,
            21,
            19,
            4,
            -1,
            2
        ],
        [
            8,
            24,
            18,
            5,
            20,
            25
        ],
        [
            10,
            26,
            27,
            29,
            28,
            0
        ],
        [
            -1,
            -1,
            11,
            6,
            -1,
            3
        ],
        [
            13,
            12,
            23,
            22,
            -1,
            1
        ]
    ],
    "th_placement_distances": {
        "13_12": 1,
        "12_26": 1,
        "26_21": 1,
        "21_19": 1,
        "19_4": 1,
        "4_5": 1,
        "5_6": 1,
        "6_11": 1,
        "19_18": 1,
        "18_20": 1,
        "20_14": 1,
        "14_15": 1,
        "15_16": 1,
        "16_2": 1,
        "2_25": 1,
        "25_3": 1,
        "3_1": 1,
        "2_0": 1,
        "0_1": 1,
        "0_28": 1,
        "28_27": 1,
        "27_18": 1,
        "27_29": 1,
        "29_22": 1,
        "22_23": 1,
        "15_17": 1,
        "17_7": 1,
        "7_9": 1,
        "9_24": 1,
        "7_8": 1,
        "8_10": 1,
        "1_2": 2,
        "24_17": 2
    },
    "nodes_dict": {
        "0": 0,
        "19": 1,
        "28": 2,
        "9": 3,
        "1": 4,
        "12": 5,
        "3": 6,
        "2": 7,
        "14": 8,
        "29": 9,
        "25": 10,
        "24": 11,
        "4": 12,
        "13": 13,
        "5": 14,
        "8": 15,
        "18": 16,
        "21": 17,
        "6": 18,
        "11": 19,
        "15": 20,
        "22": 21,
        "7": 22,
        "26": 23,
        "10": 24,
        "16": 25,
        "20": 26,
        "17": 27,
        "27": 28,
        "23": 29
    },
    "th": 49.984992496248125,
    "path_th": [
        "23",
        "17",
        "6",
        "15",
        "5",
        "8",
        "21",
        "2",
        "14",
        "25"
    ]
}