{
    "graph_name": "mults1.dot",
    "algorithm": "YOTO",
    "arch_type": "ONE_HOP",
    "total_edges": 27,
    "visited_edges": 23,
    "n_copies": 10,
    "total_threads": 60,
    "n_cells": 25,
    "n_lines": 5,
    "n_columns": 5,
    "num_annotations": 0,
    "best_thread": "Exec_0_TH_0",
    "best_dist": 2,
    "exec_max_clk": 844,
    "exec_min_clk": 551,
    "exec_avg_clk": 640.1,
    "th_max_clk": 141,
    "th_min_clk": 50,
    "th_avg_clk": 82.58333333333333,
    "best_placement": [
        [
            -1,
            8,
            23,
            9,
            14
        ],
        [
            15,
            6,
            16,
            17,
            18
        ],
        [
            2,
            7,
            22,
            21,
            19
        ],
        [
            1,
            20,
            13,
            10,
            12
        ],
        [
            0,
            5,
            3,
            4,
            11
        ]
    ],
    "th_placement_distances": {
        "19_18": 1,
        "18_14": 1,
        "14_23": 1,
        "23_22": 1,
        "22_13": 1,
        "13_12": 1,
        "12_11": 1,
        "11_3": 1,
        "3_0": 1,
        "0_1": 1,
        "1_2": 1,
        "2_15": 1,
        "18_17": 1,
        "17_10": 1,
        "10_21": 1,
        "21_9": 1,
        "9_8": 1,
        "8_7": 1,
        "3_4": 1,
        "4_5": 1,
        "5_20": 1,
        "20_6": 1,
        "6_16": 1,
        "16_15": 1,
        "16_17": 1,
        "15_18": 2,
        "7_3": 2
    },
    "nodes_dict": {
        "mul0": 0,
        "load2": 1,
        "mul3": 2,
        "add5": 3,
        "mul7": 4,
        "load9": 5,
        "mul10": 6,
        "add12": 7,
        "mul14": 8,
        "load16": 9,
        "mul17": 10,
        "add19": 11,
        "mul21": 12,
        "load23": 13,
        "mul24": 14,
        "add26": 15,
        "add27": 16,
        "add28": 17,
        "add29": 18,
        "output30": 19,
        "reg0": 20,
        "reg1": 21,
        "reg2": 22,
        "reg3": 23
    },
    "th": 66.59563132658498,
    "path_th": [
        "add5",
        "add12",
        "mul14",
        "load16",
        "reg1",
        "mul17",
        "add28",
        "add29",
        "output30"
    ]
}