{
    "graph_name": "No_V20_E20.dot",
    "algorithm": "YOTO",
    "arch_type": "ONE_HOP",
    "total_edges": 20,
    "visited_edges": 19,
    "n_copies": 10,
    "total_threads": 60,
    "n_cells": 25,
    "n_lines": 5,
    "n_columns": 5,
    "num_annotations": 0,
    "method": "default",
    "limiar": "-1",
    "exec_max_clk": 655,
    "exec_min_clk": 393,
    "exec_avg_clk": 551.8,
    "th_max_clk": 109,
    "th_min_clk": 43,
    "th_avg_clk": 64.21666666666667,
    "nodes_dict": {
        "0": 0,
        "10": 1,
        "2": 2,
        "1": 3,
        "12": 4,
        "9": 5,
        "5": 6,
        "8": 7,
        "6": 8,
        "17": 9,
        "7": 10,
        "4": 11,
        "13": 12,
        "15": 13,
        "19": 14,
        "16": 15,
        "11": 16,
        "18": 17,
        "3": 18,
        "14": 19
    },
    "results": {
        "best_placement": {
            "placement": [
                [
                    2,
                    -1,
                    -1,
                    18,
                    16
                ],
                [
                    11,
                    -1,
                    10,
                    12,
                    13
                ],
                [
                    1,
                    8,
                    14,
                    15,
                    3
                ],
                [
                    0,
                    9,
                    6,
                    7,
                    17
                ],
                [
                    -1,
                    -1,
                    5,
                    19,
                    4
                ]
            ],
            "th_placement_distances": {
                "19_15": 1,
                "15_12": 1,
                "12_10": 1,
                "10_11": 1,
                "10_13": 1,
                "13_17": 1,
                "17_3": 1,
                "3_4": 1,
                "4_17": 1,
                "4_5": 1,
                "13_16": 1,
                "16_18": 1,
                "10_14": 1,
                "14_8": 1,
                "8_9": 1,
                "14_6": 1,
                "6_7": 1,
                "6_0": 1,
                "0_1": 1,
                "1_2": 1
            },
            "dist": 0,
            "thread": "Exec_4_TH_5",
            "throughput": 49.01960784313725,
            "path": [
                "7",
                "15",
                "18",
                "1",
                "12",
                "9"
            ]
        },
        "best_throughput": {
            "placement": [
                [
                    -1,
                    -1,
                    18,
                    -1,
                    -1
                ],
                [
                    4,
                    3,
                    16,
                    14,
                    8
                ],
                [
                    19,
                    7,
                    15,
                    6,
                    9
                ],
                [
                    5,
                    17,
                    13,
                    10,
                    11
                ],
                [
                    -1,
                    1,
                    2,
                    0,
                    12
                ]
            ],
            "th_placement_distances": {
                "2_1": 1,
                "1_0": 1,
                "0_6": 1,
                "6_7": 1,
                "6_14": 1,
                "14_8": 1,
                "8_9": 1,
                "14_10": 1,
                "10_13": 1,
                "13_17": 1,
                "17_3": 1,
                "3_4": 1,
                "4_5": 1,
                "13_16": 1,
                "16_18": 1,
                "10_11": 1,
                "15_19": 1,
                "4_17": 2,
                "10_12": 2,
                "12_15": 2
            },
            "dist": 3,
            "thread": "Exec_0_TH_0",
            "throughput": 95.23809523809523,
            "path": [
                "7",
                "19",
                "5",
                "0",
                "10",
                "2"
            ]
        }
    }
}