{
    "graph_name": "tree33-6x6.dot",
    "algorithm": "YOTO",
    "arch_type": "ONE_HOP",
    "total_edges": 32,
    "visited_edges": 32,
    "n_copies": 10,
    "total_threads": 60,
    "n_cells": 36,
    "n_lines": 6,
    "n_columns": 6,
    "num_annotations": 0,
    "best_thread": "Exec_2_TH_3",
    "best_dist": 0,
    "exec_max_clk": 1289,
    "exec_min_clk": 731,
    "exec_avg_clk": 988.0,
    "th_max_clk": 215,
    "th_min_clk": 71,
    "th_avg_clk": 127.68333333333334,
    "best_placement": [
        [
            3,
            4,
            2,
            29,
            0,
            22
        ],
        [
            5,
            31,
            16,
            17,
            1,
            -1
        ],
        [
            7,
            28,
            6,
            8,
            11,
            23
        ],
        [
            30,
            32,
            15,
            10,
            20,
            19
        ],
        [
            26,
            -1,
            -1,
            9,
            25,
            27
        ],
        [
            13,
            12,
            21,
            14,
            24,
            18
        ]
    ],
    "th_placement_distances": {
        "27_23": 1,
        "23_22": 1,
        "22_29": 1,
        "29_17": 1,
        "17_31": 1,
        "17_1": 1,
        "1_16": 1,
        "1_0": 1,
        "0_2": 1,
        "2_6": 1,
        "6_7": 1,
        "7_3": 1,
        "3_4": 1,
        "4_28": 1,
        "28_32": 1,
        "3_5": 1,
        "5_30": 1,
        "7_26": 1,
        "0_11": 1,
        "11_20": 1,
        "11_8": 1,
        "8_9": 1,
        "8_10": 1,
        "10_15": 1,
        "15_21": 1,
        "21_12": 1,
        "12_14": 1,
        "14_24": 1,
        "24_25": 1,
        "14_18": 1,
        "18_19": 1,
        "12_13": 1
    },
    "nodes_dict": {
        "0": 0,
        "9": 1,
        "21": 2,
        "2": 3,
        "25": 4,
        "28": 5,
        "3": 6,
        "22": 7,
        "4": 8,
        "1": 9,
        "7": 10,
        "11": 11,
        "6": 12,
        "24": 13,
        "31": 14,
        "29": 15,
        "16": 16,
        "30": 17,
        "10": 18,
        "18": 19,
        "13": 20,
        "12": 21,
        "14": 22,
        "23": 23,
        "15": 24,
        "17": 25,
        "19": 26,
        "5": 27,
        "32": 28,
        "26": 29,
        "8": 30,
        "20": 31,
        "27": 32
    },
    "th": 99.82032341784787,
    "path_th": [
        "4",
        "11",
        "0",
        "21",
        "3",
        "22",
        "2",
        "25",
        "32",
        "27"
    ]
}