{
    "graph_name": "tree30-6x6-MC=1.dot",
    "algorithm": "YOTO",
    "arch_type": "ONE_HOP",
    "total_edges": 30,
    "visited_edges": 29,
    "n_copies": 10,
    "total_threads": 60,
    "n_cells": 36,
    "n_lines": 6,
    "n_columns": 6,
    "num_annotations": 0,
    "best_thread": "Exec_0_TH_2",
    "best_dist": 0,
    "exec_max_clk": 1202,
    "exec_min_clk": 693,
    "exec_avg_clk": 908.7,
    "th_max_clk": 200,
    "th_min_clk": 61,
    "th_avg_clk": 109.36666666666666,
    "best_placement": [
        [
            6,
            12,
            18,
            15,
            16,
            17
        ],
        [
            5,
            10,
            24,
            -1,
            0,
            21
        ],
        [
            4,
            11,
            2,
            20,
            1,
            14
        ],
        [
            25,
            28,
            23,
            29,
            22,
            -1
        ],
        [
            -1,
            9,
            7,
            8,
            3,
            13
        ],
        [
            -1,
            26,
            19,
            27,
            -1,
            -1
        ]
    ],
    "th_placement_distances": {
        "9_7": 1,
        "7_8": 1,
        "7_19": 1,
        "19_23": 1,
        "23_24": 1,
        "24_0": 1,
        "0_1": 1,
        "1_3": 1,
        "3_13": 1,
        "13_14": 1,
        "1_2": 1,
        "2_20": 1,
        "2_4": 1,
        "4_5": 1,
        "5_6": 1,
        "24_10": 1,
        "10_11": 1,
        "11_12": 1,
        "24_18": 1,
        "18_16": 1,
        "16_15": 1,
        "15_18": 1,
        "16_17": 1,
        "17_21": 1,
        "23_25": 1,
        "25_28": 1,
        "28_29": 1,
        "28_26": 1,
        "26_27": 1,
        "23_22": 1
    },
    "nodes_dict": {
        "0": 0,
        "14": 1,
        "12": 2,
        "23": 3,
        "2": 4,
        "28": 5,
        "1": 6,
        "3": 7,
        "21": 8,
        "29": 9,
        "4": 10,
        "9": 11,
        "18": 12,
        "5": 13,
        "16": 14,
        "6": 15,
        "20": 16,
        "13": 17,
        "8": 18,
        "10": 19,
        "7": 20,
        "11": 21,
        "15": 22,
        "25": 23,
        "19": 24,
        "26": 25,
        "22": 26,
        "17": 27,
        "24": 28,
        "27": 29
    },
    "th": 66.63998932906496,
    "path_th": [
        "15",
        "25",
        "19",
        "0",
        "14",
        "12",
        "2",
        "28",
        "1"
    ]
}