{
    "graph_name": "dag18-5x5.dot",
    "algorithm": "YOTO",
    "arch_type": "MESH",
    "total_edges": 20,
    "visited_edges": 17,
    "n_copies": 100,
    "total_threads": 600,
    "n_cells": 25,
    "n_lines": 5,
    "n_columns": 5,
    "num_annotations": 0,
    "best_thread": "Exec_39_TH_3",
    "best_dist": 2,
    "exec_max_clk": 652,
    "exec_min_clk": 264,
    "exec_avg_clk": 377.67,
    "th_max_clk": 109,
    "th_min_clk": 22,
    "th_avg_clk": 46.83166666666666,
    "best_placement": [
        [
            10,
            17,
            15,
            2,
            3
        ],
        [
            9,
            14,
            13,
            0,
            6
        ],
        [
            12,
            11,
            16,
            1,
            5
        ],
        [
            -1,
            -1,
            -1,
            4,
            7
        ],
        [
            -1,
            -1,
            -1,
            -1,
            8
        ]
    ],
    "th_placement_distances": {
        "17_15": 1,
        "15_2": 1,
        "2_0": 1,
        "0_1": 1,
        "1_4": 1,
        "1_5": 1,
        "5_7": 1,
        "7_8": 1,
        "5_6": 1,
        "6_3": 1,
        "3_2": 1,
        "0_13": 1,
        "13_15": 1,
        "13_14": 1,
        "13_16": 1,
        "16_11": 1,
        "11_12": 1,
        "12_9": 1,
        "9_10": 1,
        "3_1": 3
    },
    "nodes_dict": {
        "0": 0,
        "1": 1,
        "9": 2,
        "2": 3,
        "3": 4,
        "5": 5,
        "11": 6,
        "4": 7,
        "12": 8,
        "6": 9,
        "15": 10,
        "7": 11,
        "16": 12,
        "8": 13,
        "14": 14,
        "17": 15,
        "10": 16,
        "13": 17
    },
    "th": 66.6533279978658,
    "path_th": [
        "10",
        "8",
        "0",
        "1",
        "5",
        "4",
        "12"
    ]
}