{
    "graph_name": "dag15-4x4-MC=1.dot",
    "algorithm": "YOTO",
    "arch_type": "MESH",
    "total_edges": 18,
    "visited_edges": 14,
    "n_copies": 100,
    "total_threads": 600,
    "n_cells": 16,
    "n_lines": 4,
    "n_columns": 4,
    "num_annotations": 0,
    "best_thread": "Exec_27_TH_2",
    "best_dist": 1,
    "exec_max_clk": 642,
    "exec_min_clk": 275,
    "exec_avg_clk": 425.76,
    "th_max_clk": 107,
    "th_min_clk": 25,
    "th_avg_clk": 53.13333333333333,
    "best_placement": [
        [
            14,
            8,
            13,
            1
        ],
        [
            12,
            3,
            7,
            0
        ],
        [
            4,
            2,
            5,
            6
        ],
        [
            9,
            11,
            10,
            -1
        ]
    ],
    "th_placement_distances": {
        "1_13": 1,
        "13_7": 1,
        "7_0": 1,
        "0_6": 1,
        "6_5": 1,
        "5_7": 1,
        "7_3": 1,
        "3_8": 1,
        "8_14": 1,
        "3_2": 1,
        "2_5": 1,
        "5_10": 1,
        "10_11": 1,
        "2_4": 1,
        "4_12": 1,
        "4_9": 1,
        "0_1": 1,
        "2_6": 2
    },
    "nodes_dict": {
        "2": 0,
        "1": 1,
        "6": 2,
        "7": 3,
        "9": 4,
        "10": 5,
        "12": 6,
        "8": 7,
        "14": 8,
        "3": 9,
        "11": 10,
        "0": 11,
        "13": 12,
        "5": 13,
        "15": 14
    },
    "th": 99.92006394884093,
    "path_th": [
        "6",
        "7",
        "8",
        "2",
        "1"
    ]
}