{
    "graph_name": "dag24-5x5-MC=1.dot",
    "algorithm": "YOTO",
    "arch_type": "MESH",
    "total_edges": 29,
    "visited_edges": 23,
    "n_copies": 100,
    "total_threads": 600,
    "n_cells": 25,
    "n_lines": 5,
    "n_columns": 5,
    "num_annotations": 0,
    "best_thread": "Exec_23_TH_0",
    "best_dist": 8,
    "exec_max_clk": 1222,
    "exec_min_clk": 516,
    "exec_avg_clk": 838.56,
    "th_max_clk": 204,
    "th_min_clk": 44,
    "th_avg_clk": 98.53833333333333,
    "best_placement": [
        [
            2,
            3,
            4,
            5,
            -1
        ],
        [
            23,
            10,
            12,
            9,
            15
        ],
        [
            19,
            8,
            1,
            11,
            14
        ],
        [
            18,
            6,
            0,
            21,
            7
        ],
        [
            16,
            17,
            20,
            22,
            13
        ]
    ],
    "th_placement_distances": {
        "1_0": 1,
        "0_21": 1,
        "21_22": 1,
        "22_20": 1,
        "20_17": 1,
        "17_16": 1,
        "16_18": 1,
        "18_19": 1,
        "19_23": 1,
        "23_2": 1,
        "2_3": 1,
        "3_10": 1,
        "10_8": 1,
        "8_19": 1,
        "8_6": 1,
        "22_13": 1,
        "14_11": 1,
        "11_9": 1,
        "9_12": 1,
        "12_4": 1,
        "4_3": 1,
        "4_5": 1,
        "6_18": 1,
        "7_22": 2,
        "13_14": 2,
        "11_15": 2,
        "20_21": 2,
        "6_7": 3,
        "9_7": 3
    },
    "nodes_dict": {
        "0": 0,
        "13": 1,
        "1": 2,
        "18": 3,
        "20": 4,
        "22": 5,
        "2": 6,
        "14": 7,
        "21": 8,
        "9": 9,
        "16": 10,
        "4": 11,
        "10": 12,
        "3": 13,
        "19": 14,
        "23": 15,
        "7": 16,
        "5": 17,
        "17": 18,
        "8": 19,
        "24": 20,
        "15": 21,
        "11": 22,
        "12": 23
    },
    "th": 66.62221629550606,
    "path_th": [
        "7",
        "17",
        "2",
        "14",
        "9",
        "10",
        "20",
        "22"
    ]
}