{
    "graph_name": "dag22-5x5-MC=1.dot",
    "algorithm": "YOTO",
    "arch_type": "MESH",
    "total_edges": 25,
    "visited_edges": 21,
    "n_copies": 100,
    "total_threads": 600,
    "n_cells": 25,
    "n_lines": 5,
    "n_columns": 5,
    "num_annotations": 0,
    "best_thread": "Exec_61_TH_0",
    "best_dist": 4,
    "exec_max_clk": 1085,
    "exec_min_clk": 472,
    "exec_avg_clk": 726.44,
    "th_max_clk": 181,
    "th_min_clk": 40,
    "th_avg_clk": 85.49833333333333,
    "best_placement": [
        [
            -1,
            3,
            4,
            5,
            -1
        ],
        [
            21,
            11,
            6,
            7,
            -1
        ],
        [
            15,
            13,
            14,
            9,
            12
        ],
        [
            1,
            0,
            2,
            8,
            10
        ],
        [
            17,
            16,
            18,
            19,
            20
        ]
    ],
    "th_placement_distances": {
        "14_13": 1,
        "13_15": 1,
        "15_21": 1,
        "21_11": 1,
        "11_3": 1,
        "3_4": 1,
        "4_6": 1,
        "6_7": 1,
        "7_9": 1,
        "9_8": 1,
        "8_10": 1,
        "8_19": 1,
        "19_20": 1,
        "19_18": 1,
        "18_16": 1,
        "16_17": 1,
        "16_0": 1,
        "0_1": 1,
        "9_12": 1,
        "6_11": 1,
        "4_5": 1,
        "17_15": 2,
        "1_2": 2,
        "16_13": 2,
        "8_7": 2
    },
    "nodes_dict": {
        "1": 0,
        "16": 1,
        "22": 2,
        "2": 3,
        "20": 4,
        "6": 5,
        "3": 6,
        "12": 7,
        "11": 8,
        "8": 9,
        "15": 10,
        "4": 11,
        "0": 12,
        "9": 13,
        "5": 14,
        "13": 15,
        "18": 16,
        "7": 17,
        "19": 18,
        "14": 19,
        "10": 20,
        "17": 21
    },
    "th": 49.984992496248125,
    "path_th": [
        "9",
        "18",
        "19",
        "14",
        "11",
        "8",
        "0"
    ]
}