{
    "graph_name": "dag30-6x6.dot",
    "algorithm": "YOTO",
    "arch_type": "MESH",
    "total_edges": 32,
    "visited_edges": 29,
    "n_copies": 100,
    "total_threads": 600,
    "n_cells": 36,
    "n_lines": 6,
    "n_columns": 6,
    "num_annotations": 0,
    "best_thread": "Exec_62_TH_5",
    "best_dist": 2,
    "exec_max_clk": 1368,
    "exec_min_clk": 470,
    "exec_avg_clk": 838.26,
    "th_max_clk": 228,
    "th_min_clk": 51,
    "th_avg_clk": 96.26166666666667,
    "best_placement": [
        [
            -1,
            -1,
            -1,
            16,
            17,
            -1
        ],
        [
            8,
            7,
            3,
            29,
            25,
            26
        ],
        [
            -1,
            10,
            2,
            14,
            13,
            0
        ],
        [
            -1,
            9,
            28,
            23,
            15,
            1
        ],
        [
            5,
            4,
            19,
            12,
            11,
            20
        ],
        [
            24,
            6,
            22,
            18,
            27,
            21
        ]
    ],
    "th_placement_distances": {
        "17_16": 1,
        "16_29": 1,
        "29_25": 1,
        "25_26": 1,
        "26_0": 1,
        "0_1": 1,
        "1_20": 1,
        "20_21": 1,
        "21_27": 1,
        "27_18": 1,
        "18_12": 1,
        "12_19": 1,
        "19_4": 1,
        "4_5": 1,
        "5_24": 1,
        "4_6": 1,
        "6_22": 1,
        "22_19": 1,
        "12_11": 1,
        "11_15": 1,
        "15_13": 1,
        "13_14": 1,
        "14_23": 1,
        "23_28": 1,
        "28_9": 1,
        "9_10": 1,
        "14_2": 1,
        "2_3": 1,
        "3_7": 1,
        "7_8": 1,
        "13_25": 1,
        "27_1": 3
    },
    "nodes_dict": {
        "0": 0,
        "19": 1,
        "1": 2,
        "12": 3,
        "2": 4,
        "14": 5,
        "29": 6,
        "3": 7,
        "24": 8,
        "4": 9,
        "13": 10,
        "5": 11,
        "8": 12,
        "6": 13,
        "11": 14,
        "15": 15,
        "7": 16,
        "26": 17,
        "18": 18,
        "21": 19,
        "9": 20,
        "16": 21,
        "10": 22,
        "22": 23,
        "25": 24,
        "17": 25,
        "27": 26,
        "28": 27,
        "20": 28,
        "23": 29
    },
    "th": 66.63553895410885,
    "path_th": [
        "23",
        "17",
        "6",
        "15",
        "5",
        "8",
        "21",
        "2",
        "14",
        "25"
    ]
}