{
    "graph_name": "No_V18_E18.dot",
    "algorithm": "YOTO",
    "arch_type": "MESH",
    "total_edges": 18,
    "visited_edges": 17,
    "n_copies": 100,
    "total_threads": 600,
    "n_cells": 25,
    "n_lines": 5,
    "n_columns": 5,
    "num_annotations": 0,
    "method": "default",
    "limiar": "-1",
    "exec_max_clk": 596,
    "exec_min_clk": 306,
    "exec_avg_clk": 446.91,
    "th_max_clk": 99,
    "th_min_clk": 25,
    "th_avg_clk": 53.91833333333334,
    "nodes_dict": {
        "0": 0,
        "6": 1,
        "1": 2,
        "2": 3,
        "8": 4,
        "4": 5,
        "12": 6,
        "16": 7,
        "7": 8,
        "5": 9,
        "3": 10,
        "9": 11,
        "10": 12,
        "13": 13,
        "11": 14,
        "17": 15,
        "14": 16,
        "15": 17
    },
    "results": {
        "best_placement": {
            "placement": [
                [
                    0,
                    2,
                    12,
                    13,
                    15
                ],
                [
                    1,
                    3,
                    17,
                    16,
                    14
                ],
                [
                    7,
                    4,
                    6,
                    5,
                    8
                ],
                [
                    9,
                    11,
                    -1,
                    -1,
                    -1
                ],
                [
                    10,
                    -1,
                    -1,
                    -1,
                    -1
                ]
            ],
            "th_placement_distances": {
                "11_9": 1,
                "9_10": 1,
                "9_7": 1,
                "7_4": 1,
                "4_6": 1,
                "6_5": 1,
                "4_3": 1,
                "3_2": 1,
                "2_0": 1,
                "0_1": 1,
                "3_17": 1,
                "17_12": 1,
                "12_13": 1,
                "17_16": 1,
                "16_14": 1,
                "14_15": 1,
                "5_8": 1,
                "5_4": 2
            },
            "dist": 1,
            "thread": "Exec_4_TH_2",
            "throughput": 99.50248756218906,
            "path": [
                "15",
                "2",
                "8",
                "12",
                "4",
                "7"
            ]
        },
        "best_throughput": {
            "placement": [
                [
                    -1,
                    -1,
                    8,
                    15,
                    14
                ],
                [
                    -1,
                    11,
                    5,
                    6,
                    16
                ],
                [
                    -1,
                    9,
                    7,
                    4,
                    13
                ],
                [
                    -1,
                    10,
                    2,
                    3,
                    17
                ],
                [
                    -1,
                    -1,
                    0,
                    1,
                    12
                ]
            ],
            "th_placement_distances": {
                "11_9": 1,
                "9_10": 1,
                "9_7": 1,
                "7_4": 1,
                "4_6": 1,
                "6_5": 1,
                "4_3": 1,
                "3_2": 1,
                "2_0": 1,
                "0_1": 1,
                "3_17": 1,
                "17_12": 1,
                "16_14": 1,
                "14_15": 1,
                "5_8": 1,
                "5_4": 2,
                "12_13": 2,
                "17_16": 2
            },
            "dist": 3,
            "thread": "Exec_1_TH_2",
            "throughput": 99.50248756218906,
            "path": [
                "15",
                "2",
                "8",
                "12",
                "4",
                "7"
            ]
        }
    }
}