{
    "graph_name": "tree30-6x6-MC=1.dot",
    "algorithm": "YOTO",
    "arch_type": "MESH",
    "total_edges": 30,
    "visited_edges": 29,
    "n_copies": 100,
    "total_threads": 600,
    "n_cells": 36,
    "n_lines": 6,
    "n_columns": 6,
    "num_annotations": 0,
    "best_thread": "Exec_3_TH_1",
    "best_dist": 2,
    "exec_max_clk": 1579,
    "exec_min_clk": 875,
    "exec_avg_clk": 1210.7,
    "th_max_clk": 263,
    "th_min_clk": 52,
    "th_avg_clk": 142.56333333333333,
    "best_placement": [
        [
            -1,
            -1,
            12,
            11,
            27,
            26
        ],
        [
            -1,
            16,
            15,
            10,
            25,
            28
        ],
        [
            21,
            17,
            18,
            24,
            23,
            29
        ],
        [
            20,
            2,
            1,
            0,
            19,
            22
        ],
        [
            -1,
            4,
            3,
            13,
            7,
            8
        ],
        [
            -1,
            5,
            6,
            14,
            9,
            -1
        ]
    ],
    "th_placement_distances": {
        "29_28": 1,
        "28_26": 1,
        "26_27": 1,
        "28_25": 1,
        "25_23": 1,
        "23_24": 1,
        "24_0": 1,
        "0_1": 1,
        "1_2": 1,
        "2_20": 1,
        "2_4": 1,
        "4_5": 1,
        "5_6": 1,
        "1_3": 1,
        "3_13": 1,
        "13_14": 1,
        "24_10": 1,
        "10_11": 1,
        "11_12": 1,
        "24_18": 1,
        "18_15": 1,
        "15_16": 1,
        "16_17": 1,
        "17_21": 1,
        "23_19": 1,
        "19_7": 1,
        "7_8": 1,
        "7_9": 1,
        "16_18": 2,
        "23_22": 2
    },
    "nodes_dict": {
        "0": 0,
        "14": 1,
        "12": 2,
        "23": 3,
        "2": 4,
        "28": 5,
        "1": 6,
        "3": 7,
        "21": 8,
        "29": 9,
        "4": 10,
        "9": 11,
        "18": 12,
        "5": 13,
        "16": 14,
        "6": 15,
        "20": 16,
        "13": 17,
        "8": 18,
        "10": 19,
        "7": 20,
        "11": 21,
        "15": 22,
        "25": 23,
        "19": 24,
        "26": 25,
        "22": 26,
        "17": 27,
        "24": 28,
        "27": 29
    },
    "th": 99.82032341784787,
    "path_th": [
        "15",
        "25",
        "19",
        "0",
        "14",
        "12",
        "2",
        "28",
        "1"
    ]
}