{
    "graph_name": "tree20-5x5-MC=1.dot",
    "algorithm": "YOTO",
    "arch_type": "MESH",
    "total_edges": 20,
    "visited_edges": 19,
    "n_copies": 100,
    "total_threads": 600,
    "n_cells": 25,
    "n_lines": 5,
    "n_columns": 5,
    "num_annotations": 0,
    "best_thread": "Exec_29_TH_0",
    "best_dist": 1,
    "exec_max_clk": 870,
    "exec_min_clk": 384,
    "exec_avg_clk": 598.9,
    "th_max_clk": 145,
    "th_min_clk": 31,
    "th_avg_clk": 71.46333333333334,
    "best_placement": [
        [
            7,
            -1,
            11,
            -1,
            19
        ],
        [
            6,
            14,
            10,
            12,
            15
        ],
        [
            0,
            8,
            13,
            16,
            18
        ],
        [
            1,
            9,
            17,
            5,
            -1
        ],
        [
            2,
            -1,
            3,
            4,
            -1
        ]
    ],
    "th_placement_distances": {
        "5_4": 1,
        "4_3": 1,
        "3_17": 1,
        "17_13": 1,
        "13_16": 1,
        "16_18": 1,
        "13_10": 1,
        "10_12": 1,
        "12_15": 1,
        "15_19": 1,
        "10_11": 1,
        "10_14": 1,
        "14_6": 1,
        "6_7": 1,
        "6_0": 1,
        "0_1": 1,
        "1_2": 1,
        "14_8": 1,
        "8_9": 1,
        "17_4": 2
    },
    "nodes_dict": {
        "0": 0,
        "10": 1,
        "2": 2,
        "1": 3,
        "12": 4,
        "9": 5,
        "5": 6,
        "8": 7,
        "6": 8,
        "17": 9,
        "7": 10,
        "4": 11,
        "13": 12,
        "15": 13,
        "19": 14,
        "16": 15,
        "11": 16,
        "18": 17,
        "3": 18,
        "14": 19
    },
    "th": 99.95999199839967,
    "path_th": [
        "7",
        "19",
        "5",
        "0",
        "10",
        "2"
    ]
}