{
    "graph_name": "tree33-6x6-MC=1.dot",
    "algorithm": "YOTO",
    "arch_type": "MESH",
    "total_edges": 33,
    "visited_edges": 32,
    "n_copies": 100,
    "total_threads": 600,
    "n_cells": 36,
    "n_lines": 6,
    "n_columns": 6,
    "num_annotations": 0,
    "best_thread": "Exec_71_TH_4",
    "best_dist": 1,
    "exec_max_clk": 2148,
    "exec_min_clk": 811,
    "exec_avg_clk": 1398.75,
    "th_max_clk": 358,
    "th_min_clk": 58,
    "th_avg_clk": 157.65166666666667,
    "best_placement": [
        [
            -1,
            14,
            -1,
            31,
            23,
            27
        ],
        [
            -1,
            13,
            15,
            17,
            21,
            22
        ],
        [
            3,
            16,
            18,
            24,
            19,
            32
        ],
        [
            1,
            0,
            2,
            5,
            20,
            9
        ],
        [
            4,
            26,
            12,
            11,
            6,
            7
        ],
        [
            25,
            28,
            29,
            30,
            8,
            10
        ]
    ],
    "th_placement_distances": {
        "3_1": 1,
        "1_4": 1,
        "4_26": 1,
        "4_25": 1,
        "25_28": 1,
        "28_29": 1,
        "29_30": 1,
        "1_0": 1,
        "0_2": 1,
        "2_5": 1,
        "5_11": 1,
        "11_12": 1,
        "11_6": 1,
        "6_8": 1,
        "8_10": 1,
        "6_7": 1,
        "7_9": 1,
        "9_32": 1,
        "0_16": 1,
        "16_18": 1,
        "16_13": 1,
        "13_14": 1,
        "13_15": 1,
        "15_17": 1,
        "17_24": 1,
        "24_19": 1,
        "19_20": 1,
        "19_21": 1,
        "21_22": 1,
        "22_27": 1,
        "21_23": 1,
        "23_31": 1,
        "9_6": 2
    },
    "nodes_dict": {
        "0": 0,
        "9": 1,
        "21": 2,
        "16": 3,
        "30": 4,
        "3": 5,
        "2": 6,
        "25": 7,
        "28": 8,
        "32": 9,
        "8": 10,
        "22": 11,
        "19": 12,
        "4": 13,
        "1": 14,
        "7": 15,
        "11": 16,
        "29": 17,
        "13": 18,
        "6": 19,
        "24": 20,
        "31": 21,
        "10": 22,
        "15": 23,
        "12": 24,
        "26": 25,
        "20": 26,
        "18": 27,
        "14": 28,
        "23": 29,
        "5": 30,
        "17": 31,
        "27": 32
    },
    "th": 99.82032341784787,
    "path_th": [
        "4",
        "11",
        "0",
        "21",
        "3",
        "22",
        "2",
        "25",
        "32",
        "27"
    ]
}