{
    "graph_name": "tree15-4x4-MC=1.dot",
    "algorithm": "YOTO",
    "arch_type": "MESH",
    "total_edges": 15,
    "visited_edges": 14,
    "n_copies": 100,
    "total_threads": 600,
    "n_cells": 16,
    "n_lines": 4,
    "n_columns": 4,
    "num_annotations": 0,
    "best_thread": "Exec_13_TH_3",
    "best_dist": 1,
    "exec_max_clk": 720,
    "exec_min_clk": 293,
    "exec_avg_clk": 467.65,
    "th_max_clk": 120,
    "th_min_clk": 23,
    "th_avg_clk": 54.931666666666665,
    "best_placement": [
        [
            9,
            14,
            6,
            7
        ],
        [
            8,
            12,
            4,
            2
        ],
        [
            10,
            13,
            5,
            3
        ],
        [
            11,
            -1,
            1,
            0
        ]
    ],
    "th_placement_distances": {
        "5_3": 1,
        "3_0": 1,
        "0_1": 1,
        "3_2": 1,
        "2_4": 1,
        "2_7": 1,
        "7_6": 1,
        "6_14": 1,
        "14_12": 1,
        "12_8": 1,
        "8_10": 1,
        "10_11": 1,
        "8_9": 1,
        "12_13": 1,
        "6_2": 2
    },
    "nodes_dict": {
        "0": 0,
        "2": 1,
        "1": 2,
        "5": 3,
        "11": 4,
        "14": 5,
        "3": 6,
        "13": 7,
        "4": 8,
        "6": 9,
        "12": 10,
        "9": 11,
        "7": 12,
        "8": 13,
        "10": 14
    },
    "th": 99.95999199839967,
    "path_th": [
        "10",
        "3",
        "13",
        "1",
        "5",
        "0",
        "2"
    ]
}