{
    "graph_name": "tree30-6x6.dot",
    "algorithm": "YOTO",
    "arch_type": "MESH",
    "total_edges": 29,
    "visited_edges": 29,
    "n_copies": 100,
    "total_threads": 600,
    "n_cells": 36,
    "n_lines": 6,
    "n_columns": 6,
    "num_annotations": 0,
    "best_thread": "Exec_63_TH_1",
    "best_dist": 1,
    "exec_max_clk": 1462,
    "exec_min_clk": 728,
    "exec_avg_clk": 1072.53,
    "th_max_clk": 244,
    "th_min_clk": 58,
    "th_avg_clk": 129.41166666666666,
    "best_placement": [
        [
            -1,
            6,
            -1,
            -1,
            29,
            3
        ],
        [
            5,
            4,
            14,
            9,
            10,
            2
        ],
        [
            -1,
            15,
            8,
            20,
            1,
            16
        ],
        [
            21,
            22,
            7,
            23,
            0,
            17
        ],
        [
            25,
            28,
            -1,
            13,
            18,
            19
        ],
        [
            24,
            26,
            27,
            11,
            12,
            -1
        ]
    ],
    "th_placement_distances": {
        "14_8": 1,
        "8_7": 1,
        "7_23": 1,
        "23_0": 1,
        "0_1": 1,
        "1_16": 1,
        "16_2": 1,
        "2_3": 1,
        "3_29": 1,
        "16_17": 1,
        "1_20": 1,
        "20_9": 1,
        "9_10": 1,
        "23_13": 1,
        "13_11": 1,
        "11_12": 1,
        "12_18": 1,
        "18_19": 1,
        "22_28": 1,
        "28_26": 1,
        "26_27": 1,
        "26_24": 1,
        "24_25": 1,
        "22_15": 1,
        "15_4": 1,
        "4_5": 1,
        "4_6": 1,
        "22_21": 1,
        "23_22": 2
    },
    "nodes_dict": {
        "0": 0,
        "14": 1,
        "2": 2,
        "28": 3,
        "3": 4,
        "21": 5,
        "29": 6,
        "4": 7,
        "9": 8,
        "5": 9,
        "16": 10,
        "6": 11,
        "20": 12,
        "8": 13,
        "18": 14,
        "10": 15,
        "12": 16,
        "7": 17,
        "13": 18,
        "11": 19,
        "23": 20,
        "15": 21,
        "25": 22,
        "19": 23,
        "22": 24,
        "17": 25,
        "24": 26,
        "27": 27,
        "26": 28,
        "1": 29
    },
    "th": 99.91998399679936,
    "path_th": [
        "15",
        "25",
        "19",
        "0",
        "14",
        "12",
        "2",
        "28",
        "1"
    ]
}