{
    "graph_name": "dag15-4x4.dot",
    "algorithm": "YOTO",
    "arch_type": "MESH",
    "total_edges": 17,
    "visited_edges": 14,
    "n_copies": 10,
    "total_threads": 60,
    "n_cells": 16,
    "n_lines": 4,
    "n_columns": 4,
    "num_annotations": 0,
    "best_thread": "Exec_1_TH_2",
    "best_dist": 5,
    "exec_max_clk": 640,
    "exec_min_clk": 392,
    "exec_avg_clk": 477.8,
    "th_max_clk": 107,
    "th_min_clk": 27,
    "th_avg_clk": 59.46666666666667,
    "best_placement": [
        [
            14,
            1,
            9,
            -1
        ],
        [
            11,
            3,
            10,
            12
        ],
        [
            7,
            2,
            0,
            4
        ],
        [
            6,
            5,
            13,
            8
        ]
    ],
    "th_placement_distances": {
        "7_6": 1,
        "6_5": 1,
        "5_2": 1,
        "2_3": 1,
        "3_10": 1,
        "5_13": 1,
        "13_0": 1,
        "0_10": 1,
        "10_9": 1,
        "9_1": 1,
        "3_11": 1,
        "11_14": 1,
        "4_8": 1,
        "4_12": 1,
        "2_4": 2,
        "10_5": 3,
        "1_0": 3
    },
    "nodes_dict": {
        "2": 0,
        "1": 1,
        "6": 2,
        "7": 3,
        "9": 4,
        "10": 5,
        "11": 6,
        "0": 7,
        "13": 8,
        "5": 9,
        "8": 10,
        "14": 11,
        "3": 12,
        "12": 13,
        "15": 14
    },
    "th": 66.64443851693785,
    "path_th": [
        "6",
        "7",
        "8",
        "2",
        "1"
    ]
}