{
    "graph_name": "dag18-5x5-MC=1.dot",
    "algorithm": "YOTO",
    "arch_type": "MESH",
    "total_edges": 21,
    "visited_edges": 17,
    "n_copies": 10,
    "total_threads": 60,
    "n_cells": 25,
    "n_lines": 5,
    "n_columns": 5,
    "num_annotations": 0,
    "best_thread": "Exec_1_TH_2",
    "best_dist": 1,
    "exec_max_clk": 536,
    "exec_min_clk": 273,
    "exec_avg_clk": 370.7,
    "th_max_clk": 89,
    "th_min_clk": 27,
    "th_avg_clk": 46.56666666666667,
    "best_placement": [
        [
            16,
            17,
            11,
            12,
            -1
        ],
        [
            15,
            13,
            14,
            9,
            10
        ],
        [
            2,
            0,
            -1,
            -1,
            -1
        ],
        [
            3,
            1,
            4,
            -1,
            -1
        ],
        [
            6,
            5,
            7,
            8,
            -1
        ]
    ],
    "th_placement_distances": {
        "8_7": 1,
        "7_5": 1,
        "5_6": 1,
        "6_3": 1,
        "3_2": 1,
        "2_0": 1,
        "0_1": 1,
        "1_4": 1,
        "1_3": 1,
        "15_2": 1,
        "15_16": 1,
        "15_13": 1,
        "13_14": 1,
        "13_0": 1,
        "13_17": 1,
        "17_11": 1,
        "11_12": 1,
        "12_9": 1,
        "9_10": 1,
        "1_5": 1,
        "3_15": 2
    },
    "nodes_dict": {
        "0": 0,
        "1": 1,
        "9": 2,
        "2": 3,
        "3": 4,
        "5": 5,
        "11": 6,
        "4": 7,
        "12": 8,
        "6": 9,
        "15": 10,
        "7": 11,
        "16": 12,
        "8": 13,
        "14": 14,
        "17": 15,
        "13": 16,
        "10": 17
    },
    "th": 99.95999199839967,
    "path_th": [
        "10",
        "8",
        "0",
        "1",
        "5",
        "4",
        "12"
    ]
}