{
    "graph_name": "dag27-6x6-MC=1.dot",
    "algorithm": "YOTO",
    "arch_type": "MESH",
    "total_edges": 29,
    "visited_edges": 26,
    "n_copies": 10,
    "total_threads": 60,
    "n_cells": 36,
    "n_lines": 6,
    "n_columns": 6,
    "num_annotations": 0,
    "best_thread": "Exec_4_TH_3",
    "best_dist": 4,
    "exec_max_clk": 911,
    "exec_min_clk": 588,
    "exec_avg_clk": 758.6,
    "th_max_clk": 152,
    "th_min_clk": 54,
    "th_avg_clk": 92.91666666666667,
    "best_placement": [
        [
            -1,
            -1,
            -1,
            15,
            -1,
            26
        ],
        [
            12,
            5,
            21,
            13,
            14,
            16
        ],
        [
            8,
            6,
            7,
            22,
            23,
            -1
        ],
        [
            17,
            18,
            0,
            2,
            1,
            3
        ],
        [
            25,
            20,
            24,
            10,
            11,
            -1
        ],
        [
            -1,
            19,
            -1,
            4,
            9,
            -1
        ]
    ],
    "th_placement_distances": {
        "26_16": 1,
        "16_14": 1,
        "14_13": 1,
        "13_15": 1,
        "13_21": 1,
        "21_7": 1,
        "7_22": 1,
        "22_23": 1,
        "22_13": 1,
        "7_6": 1,
        "6_8": 1,
        "8_17": 1,
        "17_18": 1,
        "18_20": 1,
        "20_24": 1,
        "24_10": 1,
        "20_25": 1,
        "10_11": 1,
        "10_2": 1,
        "2_0": 1,
        "1_3": 1,
        "0_24": 1,
        "4_9": 1,
        "6_5": 1,
        "5_12": 1,
        "10_20": 2,
        "0_1": 2,
        "2_4": 2,
        "18_19": 2
    },
    "nodes_dict": {
        "0": 0,
        "5": 1,
        "18": 2,
        "3": 3,
        "4": 4,
        "2": 5,
        "15": 6,
        "10": 7,
        "19": 8,
        "1": 9,
        "6": 10,
        "22": 11,
        "7": 12,
        "8": 13,
        "12": 14,
        "24": 15,
        "25": 16,
        "9": 17,
        "11": 18,
        "14": 19,
        "26": 20,
        "16": 21,
        "17": 22,
        "21": 23,
        "13": 24,
        "23": 25,
        "20": 26
    },
    "th": 99.8999799959992,
    "path_th": [
        "7",
        "2",
        "15",
        "19",
        "9",
        "11",
        "26",
        "13",
        "0",
        "18",
        "4",
        "1"
    ]
}