{
    "graph_name": "dag24-5x5-MC=1.dot",
    "algorithm": "YOTO",
    "arch_type": "MESH",
    "total_edges": 29,
    "visited_edges": 23,
    "n_copies": 10,
    "total_threads": 60,
    "n_cells": 25,
    "n_lines": 5,
    "n_columns": 5,
    "num_annotations": 0,
    "best_thread": "Exec_7_TH_0",
    "best_dist": 11,
    "exec_max_clk": 875,
    "exec_min_clk": 627,
    "exec_avg_clk": 750.8,
    "th_max_clk": 146,
    "th_min_clk": 47,
    "th_avg_clk": 94.46666666666667,
    "best_placement": [
        [
            17,
            16,
            -1,
            2,
            23
        ],
        [
            20,
            18,
            10,
            3,
            19
        ],
        [
            21,
            22,
            7,
            6,
            8
        ],
        [
            0,
            13,
            15,
            12,
            4
        ],
        [
            1,
            14,
            11,
            9,
            5
        ]
    ],
    "th_placement_distances": {
        "5_4": 1,
        "4_12": 1,
        "12_9": 1,
        "9_11": 1,
        "11_14": 1,
        "14_13": 1,
        "13_22": 1,
        "22_7": 1,
        "7_6": 1,
        "6_8": 1,
        "8_19": 1,
        "19_23": 1,
        "23_2": 1,
        "2_3": 1,
        "3_10": 1,
        "18_16": 1,
        "16_17": 1,
        "17_20": 1,
        "20_21": 1,
        "21_22": 1,
        "21_0": 1,
        "0_1": 1,
        "11_15": 1,
        "22_20": 2,
        "10_8": 3,
        "3_4": 3,
        "19_18": 3,
        "18_6": 3,
        "7_9": 3
    },
    "nodes_dict": {
        "0": 0,
        "13": 1,
        "1": 2,
        "18": 3,
        "20": 4,
        "22": 5,
        "2": 6,
        "14": 7,
        "21": 8,
        "9": 9,
        "16": 10,
        "4": 11,
        "10": 12,
        "3": 13,
        "19": 14,
        "23": 15,
        "7": 16,
        "5": 17,
        "17": 18,
        "8": 19,
        "24": 20,
        "15": 21,
        "11": 22,
        "12": 23
    },
    "th": 74.93249324932492,
    "path_th": [
        "7",
        "17",
        "2",
        "14",
        "9",
        "10",
        "20",
        "22"
    ]
}