{
    "graph_name": "dag20-5x5.dot",
    "algorithm": "YOTO",
    "arch_type": "MESH",
    "total_edges": 20,
    "visited_edges": 19,
    "n_copies": 10,
    "total_threads": 60,
    "n_cells": 25,
    "n_lines": 5,
    "n_columns": 5,
    "num_annotations": 0,
    "best_thread": "Exec_0_TH_0",
    "best_dist": 2,
    "exec_max_clk": 712,
    "exec_min_clk": 387,
    "exec_avg_clk": 505.4,
    "th_max_clk": 119,
    "th_min_clk": 37,
    "th_avg_clk": 61.333333333333336,
    "best_placement": [
        [
            -1,
            -1,
            15,
            14,
            10
        ],
        [
            -1,
            -1,
            1,
            18,
            9
        ],
        [
            19,
            7,
            0,
            17,
            11
        ],
        [
            8,
            6,
            3,
            2,
            4
        ],
        [
            -1,
            5,
            16,
            12,
            13
        ]
    ],
    "th_placement_distances": {
        "4_2": 1,
        "2_3": 1,
        "3_16": 1,
        "16_5": 1,
        "5_6": 1,
        "6_8": 1,
        "8_19": 1,
        "6_7": 1,
        "3_0": 1,
        "0_1": 1,
        "2_12": 1,
        "12_13": 1,
        "17_18": 1,
        "17_11": 1,
        "11_9": 1,
        "9_10": 1,
        "10_14": 1,
        "14_15": 1,
        "12_17": 2,
        "9_4": 2
    },
    "nodes_dict": {
        "0": 0,
        "18": 1,
        "4": 2,
        "12": 3,
        "15": 4,
        "5": 5,
        "6": 6,
        "3": 7,
        "17": 8,
        "7": 9,
        "19": 10,
        "9": 11,
        "10": 12,
        "1": 13,
        "11": 14,
        "13": 15,
        "16": 16,
        "14": 17,
        "2": 18,
        "8": 19
    },
    "th": 99.82032341784787,
    "path_th": [
        "14",
        "10",
        "4",
        "12",
        "16",
        "5",
        "6",
        "17",
        "8"
    ]
}