{
    "graph_name": "tree23-5x5-MC=1.dot",
    "algorithm": "YOTO",
    "arch_type": "MESH",
    "total_edges": 23,
    "visited_edges": 22,
    "n_copies": 10,
    "total_threads": 60,
    "n_cells": 25,
    "n_lines": 5,
    "n_columns": 5,
    "num_annotations": 0,
    "best_thread": "Exec_4_TH_1",
    "best_dist": 3,
    "exec_max_clk": 1053,
    "exec_min_clk": 606,
    "exec_avg_clk": 807.2,
    "th_max_clk": 176,
    "th_min_clk": 53,
    "th_avg_clk": 102.23333333333333,
    "best_placement": [
        [
            -1,
            1,
            0,
            2,
            5
        ],
        [
            7,
            14,
            12,
            8,
            3
        ],
        [
            6,
            11,
            9,
            20,
            4
        ],
        [
            18,
            -1,
            10,
            21,
            22
        ],
        [
            15,
            16,
            13,
            17,
            19
        ]
    ],
    "th_placement_distances": {
        "5_3": 1,
        "3_4": 1,
        "3_8": 1,
        "8_20": 1,
        "20_21": 1,
        "20_9": 1,
        "9_10": 1,
        "10_13": 1,
        "13_16": 1,
        "13_17": 1,
        "17_19": 1,
        "19_22": 1,
        "15_18": 1,
        "6_7": 1,
        "9_12": 1,
        "12_0": 1,
        "0_2": 1,
        "1_0": 1,
        "9_11": 1,
        "11_14": 1,
        "13_15": 2,
        "15_6": 2,
        "2_1": 2
    },
    "nodes_dict": {
        "0": 0,
        "11": 1,
        "13": 2,
        "1": 3,
        "12": 4,
        "18": 5,
        "2": 6,
        "17": 7,
        "3": 8,
        "4": 9,
        "5": 10,
        "10": 11,
        "19": 12,
        "7": 13,
        "21": 14,
        "14": 15,
        "15": 16,
        "16": 17,
        "22": 18,
        "20": 19,
        "9": 20,
        "8": 21,
        "6": 22
    },
    "th": 49.99499749874938,
    "path_th": [
        "9",
        "4",
        "5",
        "7",
        "14",
        "2",
        "17"
    ]
}