{
    "graph_name": "tree15-4x4-MC=1.dot",
    "algorithm": "YOTO",
    "arch_type": "MESH",
    "total_edges": 15,
    "visited_edges": 14,
    "n_copies": 10,
    "total_threads": 60,
    "n_cells": 16,
    "n_lines": 4,
    "n_columns": 4,
    "num_annotations": 0,
    "best_thread": "Exec_1_TH_2",
    "best_dist": 1,
    "exec_max_clk": 668,
    "exec_min_clk": 377,
    "exec_avg_clk": 480.9,
    "th_max_clk": 111,
    "th_min_clk": 26,
    "th_avg_clk": 51.96666666666667,
    "best_placement": [
        [
            7,
            -1,
            13,
            9
        ],
        [
            6,
            14,
            12,
            8
        ],
        [
            2,
            3,
            5,
            10
        ],
        [
            4,
            0,
            1,
            11
        ]
    ],
    "th_placement_distances": {
        "4_2": 1,
        "2_3": 1,
        "3_5": 1,
        "3_0": 1,
        "0_1": 1,
        "2_6": 1,
        "6_7": 1,
        "6_14": 1,
        "14_12": 1,
        "12_13": 1,
        "12_8": 1,
        "8_10": 1,
        "10_11": 1,
        "8_9": 1,
        "7_2": 2
    },
    "nodes_dict": {
        "0": 0,
        "2": 1,
        "1": 2,
        "5": 3,
        "11": 4,
        "14": 5,
        "3": 6,
        "13": 7,
        "4": 8,
        "6": 9,
        "12": 10,
        "9": 11,
        "7": 12,
        "8": 13,
        "10": 14
    },
    "th": 49.984995498649596,
    "path_th": [
        "10",
        "3",
        "13",
        "1",
        "5",
        "0",
        "2"
    ]
}