{
    "graph_name": "tree23-5x5.dot",
    "algorithm": "YOTO",
    "arch_type": "MESH",
    "total_edges": 22,
    "visited_edges": 22,
    "n_copies": 10,
    "total_threads": 60,
    "n_cells": 25,
    "n_lines": 5,
    "n_columns": 5,
    "num_annotations": 0,
    "best_thread": "Exec_0_TH_0",
    "best_dist": 2,
    "exec_max_clk": 987,
    "exec_min_clk": 563,
    "exec_avg_clk": 770.1,
    "th_max_clk": 165,
    "th_min_clk": 50,
    "th_avg_clk": 95.76666666666667,
    "best_placement": [
        [
            1,
            0,
            11,
            10,
            18
        ],
        [
            19,
            22,
            8,
            9,
            -1
        ],
        [
            3,
            21,
            15,
            12,
            14
        ],
        [
            2,
            7,
            16,
            13,
            20
        ],
        [
            4,
            -1,
            17,
            5,
            6
        ]
    ],
    "th_placement_distances": {
        "6_5": 1,
        "5_13": 1,
        "13_20": 1,
        "13_12": 1,
        "12_14": 1,
        "12_15": 1,
        "15_21": 1,
        "21_22": 1,
        "12_9": 1,
        "9_8": 1,
        "8_11": 1,
        "11_0": 1,
        "0_1": 1,
        "1_19": 1,
        "10_18": 1,
        "16_7": 1,
        "7_2": 1,
        "2_4": 1,
        "2_3": 1,
        "16_17": 1,
        "8_10": 2,
        "8_16": 2
    },
    "nodes_dict": {
        "0": 0,
        "11": 1,
        "1": 2,
        "12": 3,
        "18": 4,
        "2": 5,
        "17": 6,
        "3": 7,
        "4": 8,
        "5": 9,
        "10": 10,
        "19": 11,
        "7": 12,
        "14": 13,
        "15": 14,
        "16": 15,
        "9": 16,
        "8": 17,
        "21": 18,
        "13": 19,
        "22": 20,
        "20": 21,
        "6": 22
    },
    "th": 99.86019572598363,
    "path_th": [
        "9",
        "4",
        "5",
        "7",
        "14",
        "2",
        "17"
    ]
}