{
    "graph_name": "tree20-5x5.dot",
    "algorithm": "YOTO",
    "arch_type": "MESH",
    "total_edges": 19,
    "visited_edges": 19,
    "n_copies": 10,
    "total_threads": 60,
    "n_cells": 25,
    "n_lines": 5,
    "n_columns": 5,
    "num_annotations": 0,
    "best_thread": "Exec_1_TH_3",
    "best_dist": 1,
    "exec_max_clk": 817,
    "exec_min_clk": 447,
    "exec_avg_clk": 609.9,
    "th_max_clk": 136,
    "th_min_clk": 39,
    "th_avg_clk": 73.03333333333333,
    "best_placement": [
        [
            -1,
            0,
            4,
            5,
            -1
        ],
        [
            13,
            1,
            12,
            8,
            10
        ],
        [
            -1,
            7,
            6,
            9,
            17
        ],
        [
            3,
            2,
            18,
            11,
            19
        ],
        [
            16,
            -1,
            15,
            14,
            -1
        ]
    ],
    "th_placement_distances": {
        "5_4": 1,
        "4_0": 1,
        "0_1": 1,
        "1_13": 1,
        "4_12": 1,
        "12_6": 1,
        "6_7": 1,
        "12_8": 1,
        "8_9": 1,
        "8_10": 1,
        "10_17": 1,
        "17_19": 1,
        "11_18": 1,
        "18_2": 1,
        "2_3": 1,
        "3_16": 1,
        "11_14": 1,
        "14_15": 1,
        "8_11": 2
    },
    "nodes_dict": {
        "0": 0,
        "10": 1,
        "1": 2,
        "12": 3,
        "5": 4,
        "8": 5,
        "6": 6,
        "17": 7,
        "7": 8,
        "4": 9,
        "13": 10,
        "15": 11,
        "19": 12,
        "2": 13,
        "11": 14,
        "3": 15,
        "9": 16,
        "16": 17,
        "18": 18,
        "14": 19
    },
    "th": 99.95999199839967,
    "path_th": [
        "7",
        "19",
        "5",
        "0",
        "10",
        "2"
    ]
}