{
    "graph_name": "tree16-4x4-MC=1.dot",
    "algorithm": "YOTO",
    "arch_type": "MESH",
    "total_edges": 16,
    "visited_edges": 15,
    "n_copies": 100,
    "total_threads": 600,
    "n_cells": 16,
    "n_lines": 4,
    "n_columns": 4,
    "num_annotations": 0,
    "best_thread": "Exec_25_TH_2",
    "best_dist": 1,
    "exec_max_clk": 766,
    "exec_min_clk": 345,
    "exec_avg_clk": 500.09,
    "th_max_clk": 128,
    "th_min_clk": 23,
    "th_avg_clk": 62.156666666666666,
    "best_placement": [
        [
            3,
            5,
            13,
            11
        ],
        [
            2,
            0,
            12,
            10
        ],
        [
            4,
            1,
            15,
            14
        ],
        [
            8,
            7,
            9,
            6
        ]
    ],
    "th_placement_distances": {
        "5_3": 1,
        "3_2": 1,
        "2_4": 1,
        "2_0": 1,
        "0_1": 1,
        "0_12": 1,
        "12_13": 1,
        "12_15": 1,
        "15_14": 1,
        "14_10": 1,
        "10_11": 1,
        "15_9": 1,
        "9_6": 1,
        "7_9": 1,
        "7_8": 1,
        "6_7": 2
    },
    "nodes_dict": {
        "1": 0,
        "6": 1,
        "12": 2,
        "2": 3,
        "9": 4,
        "8": 5,
        "3": 6,
        "7": 7,
        "0": 8,
        "4": 9,
        "5": 10,
        "13": 11,
        "11": 12,
        "10": 13,
        "14": 14,
        "15": 15
    },
    "th": 33.32666799973339,
    "path_th": [
        "15",
        "11",
        "1",
        "12",
        "2",
        "8"
    ]
}