{
    "graph_name": "arf.dot",
    "algorithm": "YOTO",
    "arch_type": "ONE_HOP",
    "total_edges": 30,
    "visited_edges": 27,
    "n_copies": 1,
    "total_threads": 6,
    "n_cells": 36,
    "n_lines": 6,
    "n_columns": 6,
    "num_annotations": 0,
    "best_thread": "Exec_0_TH_4",
    "best_dist": 5,
    "exec_max_clk": 892,
    "exec_min_clk": 892,
    "exec_avg_clk": 892.0,
    "th_max_clk": 149,
    "th_min_clk": 61,
    "th_avg_clk": 86.83333333333333,
    "best_placement": [
        [
            -1,
            -1,
            3,
            23,
            25,
            7
        ],
        [
            -1,
            16,
            6,
            19,
            22,
            1
        ],
        [
            -1,
            12,
            9,
            11,
            27,
            8
        ],
        [
            -1,
            14,
            2,
            21,
            18,
            0
        ],
        [
            -1,
            -1,
            13,
            17,
            15,
            26
        ],
        [
            -1,
            5,
            10,
            4,
            20,
            24
        ]
    ],
    "th_placement_distances": {
        "26_8": 1,
        "8_0": 1,
        "8_1": 1,
        "26_24": 1,
        "24_20": 1,
        "20_18": 1,
        "18_22": 1,
        "22_25": 1,
        "25_23": 1,
        "23_19": 1,
        "19_21": 1,
        "19_16": 1,
        "16_12": 1,
        "12_14": 1,
        "18_15": 1,
        "15_13": 1,
        "13_17": 1,
        "13_10": 1,
        "10_4": 1,
        "10_5": 1,
        "12_9": 1,
        "9_3": 1,
        "9_2": 1,
        "25_27": 1,
        "27_11": 1,
        "21_24": 2,
        "14_18": 2,
        "17_19": 2,
        "11_7": 2,
        "11_6": 2
    },
    "nodes_dict": {
        "MUL_1": 0,
        "MUL_2": 1,
        "MUL_3": 2,
        "MUL_4": 3,
        "MUL_5": 4,
        "MUL_6": 5,
        "MUL_7": 6,
        "MUL_8": 7,
        "ADD_9": 8,
        "ADD_10": 9,
        "ADD_11": 10,
        "ADD_12": 11,
        "ADD_13": 12,
        "ADD_14": 13,
        "MUL_15": 14,
        "MUL_16": 15,
        "MUL_17": 16,
        "MUL_18": 17,
        "ADD_19": 18,
        "ADD_20": 19,
        "MUL_21": 20,
        "MUL_22": 21,
        "MUL_23": 22,
        "MUL_24": 23,
        "ADD_25": 24,
        "ADD_26": 25,
        "ADD_27": 26,
        "ADD_28": 27
    },
    "th": 79.94881228505159,
    "path_th": [
        "MUL_3",
        "ADD_10",
        "ADD_13",
        "MUL_15",
        "ADD_19",
        "MUL_21",
        "ADD_25",
        "ADD_27"
    ]
}