{
    "graph_name": "BBT-h4.dot",
    "algorithm": "YOTO",
    "arch_type": "ONE_HOP",
    "total_edges": 30,
    "visited_edges": 30,
    "n_copies": 1,
    "total_threads": 6,
    "n_cells": 36,
    "n_lines": 6,
    "n_columns": 6,
    "num_annotations": 0,
    "best_thread": "Exec_0_TH_1",
    "best_dist": 3,
    "exec_max_clk": 1208,
    "exec_min_clk": 1208,
    "exec_avg_clk": 1208.0,
    "th_max_clk": 201,
    "th_min_clk": 117,
    "th_avg_clk": 140.83333333333334,
    "best_placement": [
        [
            20,
            7,
            17,
            3,
            8,
            18
        ],
        [
            9,
            4,
            10,
            1,
            21,
            16
        ],
        [
            19,
            15,
            30,
            0,
            -1,
            27
        ],
        [
            -1,
            24,
            22,
            11,
            23,
            25
        ],
        [
            -1,
            28,
            14,
            2,
            6,
            13
        ],
        [
            -1,
            -1,
            29,
            5,
            26,
            12
        ]
    ],
    "th_placement_distances": {
        "24_11": 1,
        "11_23": 1,
        "11_5": 1,
        "5_12": 1,
        "12_26": 1,
        "12_25": 1,
        "5_2": 1,
        "2_6": 1,
        "6_13": 1,
        "13_27": 1,
        "6_14": 1,
        "14_29": 1,
        "14_30": 1,
        "2_0": 1,
        "0_1": 1,
        "1_4": 1,
        "4_10": 1,
        "10_22": 1,
        "10_21": 1,
        "4_9": 1,
        "9_19": 1,
        "9_20": 1,
        "1_3": 1,
        "3_8": 1,
        "8_17": 1,
        "8_18": 1,
        "3_7": 1,
        "7_15": 1,
        "13_28": 2,
        "7_16": 3
    },
    "nodes_dict": {
        "0": 0,
        "1": 1,
        "2": 2,
        "3": 3,
        "4": 4,
        "5": 5,
        "6": 6,
        "7": 7,
        "8": 8,
        "9": 9,
        "10": 10,
        "11": 11,
        "12": 12,
        "13": 13,
        "14": 14,
        "15": 15,
        "16": 16,
        "17": 17,
        "18": 18,
        "19": 19,
        "20": 20,
        "21": 21,
        "22": 22,
        "23": 23,
        "24": 24,
        "25": 25,
        "26": 26,
        "27": 27,
        "28": 28,
        "29": 29,
        "30": 30
    },
    "th": 99.88014382740711,
    "path_th": [
        "0",
        "1",
        "3",
        "7",
        "16"
    ]
}