{
    "graph_name": "dag27-6x6.dot",
    "algorithm": "YOTO",
    "arch_type": "ONE_HOP",
    "total_edges": 28,
    "visited_edges": 26,
    "n_copies": 1,
    "total_threads": 6,
    "n_cells": 36,
    "n_lines": 6,
    "n_columns": 6,
    "num_annotations": 0,
    "best_thread": "Exec_0_TH_0",
    "best_dist": 1,
    "exec_max_clk": 581,
    "exec_min_clk": 581,
    "exec_avg_clk": 581.0,
    "th_max_clk": 97,
    "th_min_clk": 47,
    "th_avg_clk": 71.83333333333333,
    "best_placement": [
        [
            6,
            0,
            21,
            22,
            20,
            26
        ],
        [
            5,
            2,
            12,
            8,
            24,
            9
        ],
        [
            -1,
            1,
            25,
            17,
            15,
            19
        ],
        [
            -1,
            7,
            11,
            16,
            18,
            -1
        ],
        [
            -1,
            -1,
            13,
            4,
            14,
            23
        ],
        [
            -1,
            -1,
            -1,
            3,
            -1,
            10
        ]
    ],
    "th_placement_distances": {
        "25_21": 1,
        "21_12": 1,
        "12_11": 1,
        "11_13": 1,
        "11_18": 1,
        "18_24": 1,
        "18_16": 1,
        "16_17": 1,
        "16_4": 1,
        "4_23": 1,
        "23_14": 1,
        "14_15": 1,
        "15_19": 1,
        "15_20": 1,
        "20_22": 1,
        "22_0": 1,
        "0_1": 1,
        "1_7": 1,
        "0_2": 1,
        "2_8": 1,
        "8_9": 1,
        "8_22": 1,
        "2_5": 1,
        "5_6": 1,
        "20_26": 1,
        "4_3": 1,
        "3_10": 1,
        "17_11": 2
    },
    "nodes_dict": {
        "0": 0,
        "5": 1,
        "18": 2,
        "2": 3,
        "15": 4,
        "4": 5,
        "1": 6,
        "3": 7,
        "6": 8,
        "22": 9,
        "7": 10,
        "8": 11,
        "12": 12,
        "24": 13,
        "9": 14,
        "11": 15,
        "10": 16,
        "16": 17,
        "17": 18,
        "14": 19,
        "26": 20,
        "25": 21,
        "13": 22,
        "19": 23,
        "21": 24,
        "20": 25,
        "23": 26
    },
    "th": 79.94558258642766,
    "path_th": [
        "7",
        "2",
        "15",
        "19",
        "9",
        "11",
        "26",
        "13",
        "0",
        "18",
        "4",
        "1"
    ]
}