{
    "graph_name": "dag22-5x5.dot",
    "algorithm": "YOTO",
    "arch_type": "ONE_HOP",
    "total_edges": 24,
    "visited_edges": 21,
    "n_copies": 1,
    "total_threads": 6,
    "n_cells": 25,
    "n_lines": 5,
    "n_columns": 5,
    "num_annotations": 0,
    "best_thread": "Exec_0_TH_0",
    "best_dist": 2,
    "exec_max_clk": 672,
    "exec_min_clk": 672,
    "exec_avg_clk": 672.0,
    "th_max_clk": 112,
    "th_min_clk": 54,
    "th_avg_clk": 78.66666666666667,
    "best_placement": [
        [
            21,
            4,
            14,
            16,
            5
        ],
        [
            20,
            6,
            19,
            17,
            -1
        ],
        [
            9,
            3,
            12,
            15,
            13
        ],
        [
            10,
            7,
            8,
            18,
            -1
        ],
        [
            11,
            1,
            2,
            0,
            -1
        ]
    ],
    "th_placement_distances": {
        "20_19": 1,
        "19_8": 1,
        "8_7": 1,
        "7_6": 1,
        "6_4": 1,
        "4_3": 1,
        "3_9": 1,
        "9_21": 1,
        "21_14": 1,
        "14_12": 1,
        "12_15": 1,
        "15_16": 1,
        "16_14": 1,
        "15_0": 1,
        "0_1": 1,
        "1_2": 1,
        "15_17": 1,
        "17_19": 1,
        "12_13": 1,
        "8_10": 1,
        "10_11": 1,
        "8_18": 1,
        "9_6": 2,
        "4_5": 2
    },
    "nodes_dict": {
        "1": 0,
        "16": 1,
        "22": 2,
        "2": 3,
        "20": 4,
        "6": 5,
        "3": 6,
        "12": 7,
        "11": 8,
        "4": 9,
        "8": 10,
        "0": 11,
        "9": 12,
        "5": 13,
        "13": 14,
        "18": 15,
        "7": 16,
        "19": 17,
        "15": 18,
        "14": 19,
        "10": 20,
        "17": 21
    },
    "th": 66.61337596589395,
    "path_th": [
        "17",
        "4",
        "3",
        "12",
        "11",
        "8",
        "0"
    ]
}