{
    "graph_name": "tree33-6x6-MC=1.dot",
    "algorithm": "YOTO",
    "arch_type": "ONE_HOP",
    "total_edges": 33,
    "visited_edges": 32,
    "n_copies": 1,
    "total_threads": 6,
    "n_cells": 36,
    "n_lines": 6,
    "n_columns": 6,
    "num_annotations": 0,
    "best_thread": "Exec_0_TH_5",
    "best_dist": 3,
    "exec_max_clk": 1017,
    "exec_min_clk": 1017,
    "exec_avg_clk": 1017.0,
    "th_max_clk": 170,
    "th_min_clk": 92,
    "th_avg_clk": 132.33333333333334,
    "best_placement": [
        [
            18,
            5,
            12,
            11,
            14,
            -1
        ],
        [
            32,
            9,
            7,
            6,
            15,
            17
        ],
        [
            16,
            2,
            0,
            10,
            13,
            24
        ],
        [
            3,
            -1,
            1,
            8,
            31,
            23
        ],
        [
            26,
            20,
            4,
            28,
            25,
            19
        ],
        [
            27,
            22,
            -1,
            29,
            30,
            21
        ]
    ],
    "th_placement_distances": {
        "32_9": 1,
        "9_7": 1,
        "7_6": 1,
        "6_8": 1,
        "8_10": 1,
        "6_9": 1,
        "6_11": 1,
        "11_12": 1,
        "11_5": 1,
        "5_2": 1,
        "2_0": 1,
        "0_1": 1,
        "1_4": 1,
        "4_25": 1,
        "25_28": 1,
        "28_29": 1,
        "29_30": 1,
        "4_26": 1,
        "1_3": 1,
        "0_16": 1,
        "16_18": 1,
        "13_15": 1,
        "15_17": 1,
        "17_24": 1,
        "24_19": 1,
        "19_21": 1,
        "21_23": 1,
        "23_31": 1,
        "22_27": 1,
        "13_14": 1,
        "16_13": 2,
        "21_22": 2,
        "19_20": 2
    },
    "nodes_dict": {
        "0": 0,
        "9": 1,
        "21": 2,
        "16": 3,
        "30": 4,
        "3": 5,
        "2": 6,
        "25": 7,
        "28": 8,
        "32": 9,
        "8": 10,
        "22": 11,
        "19": 12,
        "4": 13,
        "1": 14,
        "7": 15,
        "11": 16,
        "29": 17,
        "13": 18,
        "6": 19,
        "24": 20,
        "31": 21,
        "10": 22,
        "15": 23,
        "12": 24,
        "26": 25,
        "20": 26,
        "18": 27,
        "14": 28,
        "23": 29,
        "5": 30,
        "17": 31,
        "27": 32
    },
    "th": 49.955040463582776,
    "path_th": [
        "4",
        "11",
        "0",
        "21",
        "3",
        "22",
        "2",
        "25",
        "32",
        "27"
    ]
}