{
    "graph_name": "tree27-6x6-MC=1.dot",
    "algorithm": "YOTO",
    "arch_type": "ONE_HOP",
    "total_edges": 27,
    "visited_edges": 26,
    "n_copies": 1,
    "total_threads": 6,
    "n_cells": 36,
    "n_lines": 6,
    "n_columns": 6,
    "num_annotations": 0,
    "best_thread": "Exec_0_TH_2",
    "best_dist": 1,
    "exec_max_clk": 736,
    "exec_min_clk": 736,
    "exec_avg_clk": 736.0,
    "th_max_clk": 123,
    "th_min_clk": 74,
    "th_avg_clk": 96.16666666666667,
    "best_placement": [
        [
            0,
            1,
            2,
            -1,
            9,
            -1
        ],
        [
            6,
            -1,
            -1,
            -1,
            -1,
            -1
        ],
        [
            18,
            20,
            10,
            26,
            8,
            11
        ],
        [
            5,
            -1,
            23,
            25,
            -1,
            12
        ],
        [
            17,
            16,
            19,
            14,
            7,
            15
        ],
        [
            22,
            24,
            21,
            3,
            4,
            13
        ]
    ],
    "th_placement_distances": {
        "4_3": 1,
        "3_24": 1,
        "24_21": 1,
        "21_23": 1,
        "23_25": 1,
        "21_22": 1,
        "21_19": 1,
        "19_16": 1,
        "16_14": 1,
        "14_7": 1,
        "7_8": 1,
        "8_10": 1,
        "8_9": 1,
        "14_15": 1,
        "19_17": 1,
        "17_5": 1,
        "5_6": 1,
        "17_18": 1,
        "18_20": 1,
        "20_26": 1,
        "26_11": 1,
        "11_12": 1,
        "12_13": 1,
        "18_0": 1,
        "0_1": 1,
        "0_2": 1,
        "11_20": 2
    },
    "nodes_dict": {
        "2": 0,
        "1": 1,
        "13": 2,
        "4": 3,
        "8": 4,
        "5": 5,
        "14": 6,
        "6": 7,
        "21": 8,
        "0": 9,
        "18": 10,
        "7": 11,
        "26": 12,
        "24": 13,
        "10": 14,
        "3": 15,
        "11": 16,
        "12": 17,
        "20": 18,
        "25": 19,
        "19": 20,
        "15": 21,
        "16": 22,
        "17": 23,
        "23": 24,
        "9": 25,
        "22": 26
    },
    "th": 99.95999199839967,
    "path_th": [
        "12",
        "25",
        "11",
        "10",
        "6",
        "21",
        "0"
    ]
}