{
    "graph_name": "tree16-4x4-MC=1.dot",
    "algorithm": "YOTO",
    "arch_type": "ONE_HOP",
    "total_edges": 16,
    "visited_edges": 15,
    "n_copies": 1,
    "total_threads": 6,
    "n_cells": 16,
    "n_lines": 4,
    "n_columns": 4,
    "num_annotations": 0,
    "best_thread": "Exec_0_TH_0",
    "best_dist": 1,
    "exec_max_clk": 479,
    "exec_min_clk": 479,
    "exec_avg_clk": 479.0,
    "th_max_clk": 80,
    "th_min_clk": 41,
    "th_avg_clk": 63.166666666666664,
    "best_placement": [
        [
            10,
            11,
            5,
            6
        ],
        [
            2,
            4,
            3,
            8
        ],
        [
            14,
            9,
            15,
            7
        ],
        [
            0,
            1,
            12,
            13
        ]
    ],
    "th_placement_distances": {
        "13_12": 1,
        "12_0": 1,
        "0_2": 1,
        "2_4": 1,
        "2_3": 1,
        "3_5": 1,
        "0_1": 1,
        "12_15": 1,
        "15_14": 1,
        "14_10": 1,
        "10_11": 1,
        "15_9": 1,
        "9_7": 1,
        "7_6": 1,
        "7_8": 1,
        "6_9": 2
    },
    "nodes_dict": {
        "1": 0,
        "6": 1,
        "12": 2,
        "2": 3,
        "9": 4,
        "8": 5,
        "3": 6,
        "7": 7,
        "0": 8,
        "4": 9,
        "5": 10,
        "13": 11,
        "11": 12,
        "10": 13,
        "14": 14,
        "15": 15
    },
    "th": 33.32666799973339,
    "path_th": [
        "15",
        "11",
        "1",
        "12",
        "2",
        "8"
    ]
}