{
    "graph_name": "tree20-5x5-MC=1.dot",
    "algorithm": "YOTO",
    "arch_type": "ONE_HOP",
    "total_edges": 20,
    "visited_edges": 19,
    "n_copies": 1,
    "total_threads": 6,
    "n_cells": 25,
    "n_lines": 5,
    "n_columns": 5,
    "num_annotations": 0,
    "best_thread": "Exec_0_TH_3",
    "best_dist": 0,
    "exec_max_clk": 454,
    "exec_min_clk": 454,
    "exec_avg_clk": 454.0,
    "th_max_clk": 76,
    "th_min_clk": 41,
    "th_avg_clk": 48.666666666666664,
    "best_placement": [
        [
            7,
            8,
            -1,
            -1,
            -1
        ],
        [
            0,
            9,
            1,
            2,
            5
        ],
        [
            6,
            14,
            18,
            16,
            4
        ],
        [
            -1,
            10,
            11,
            13,
            17
        ],
        [
            -1,
            12,
            15,
            19,
            3
        ]
    ],
    "th_placement_distances": {
        "9_8": 1,
        "8_14": 1,
        "14_6": 1,
        "6_0": 1,
        "0_1": 1,
        "1_2": 1,
        "6_7": 1,
        "14_10": 1,
        "10_12": 1,
        "12_15": 1,
        "15_19": 1,
        "10_11": 1,
        "10_13": 1,
        "13_17": 1,
        "17_4": 1,
        "4_3": 1,
        "3_17": 1,
        "4_5": 1,
        "13_16": 1,
        "16_18": 1
    },
    "nodes_dict": {
        "0": 0,
        "10": 1,
        "2": 2,
        "1": 3,
        "12": 4,
        "9": 5,
        "5": 6,
        "8": 7,
        "6": 8,
        "17": 9,
        "7": 10,
        "4": 11,
        "13": 12,
        "15": 13,
        "19": 14,
        "16": 15,
        "11": 16,
        "18": 17,
        "3": 18,
        "14": 19
    },
    "th": 49.98000799680128,
    "path_th": [
        "7",
        "15",
        "18",
        "1",
        "12",
        "9"
    ]
}