{
    "graph_name": "tree25-5x5.dot",
    "algorithm": "YOTO",
    "arch_type": "ONE_HOP",
    "total_edges": 24,
    "visited_edges": 24,
    "n_copies": 1,
    "total_threads": 6,
    "n_cells": 25,
    "n_lines": 5,
    "n_columns": 5,
    "num_annotations": 0,
    "best_thread": "Exec_0_TH_3",
    "best_dist": 2,
    "exec_max_clk": 839,
    "exec_min_clk": 839,
    "exec_avg_clk": 839.0,
    "th_max_clk": 140,
    "th_min_clk": 98,
    "th_avg_clk": 119.33333333333333,
    "best_placement": [
        [
            7,
            19,
            11,
            23,
            16
        ],
        [
            12,
            20,
            10,
            0,
            15
        ],
        [
            9,
            21,
            22,
            14,
            1
        ],
        [
            17,
            24,
            3,
            4,
            2
        ],
        [
            8,
            13,
            5,
            6,
            18
        ]
    ],
    "th_placement_distances": {
        "16_15": 1,
        "15_1": 1,
        "1_18": 1,
        "18_2": 1,
        "2_3": 1,
        "2_4": 1,
        "18_5": 1,
        "5_6": 1,
        "6_13": 1,
        "6_14": 1,
        "14_23": 1,
        "1_22": 1,
        "0_20": 1,
        "20_10": 1,
        "10_12": 1,
        "10_11": 1,
        "11_19": 1,
        "11_7": 1,
        "7_9": 1,
        "8_17": 1,
        "20_21": 1,
        "21_24": 1,
        "1_0": 2,
        "7_8": 2
    },
    "nodes_dict": {
        "1": 0,
        "21": 1,
        "2": 2,
        "13": 3,
        "22": 4,
        "3": 5,
        "9": 6,
        "4": 7,
        "11": 8,
        "12": 9,
        "8": 10,
        "15": 11,
        "17": 12,
        "18": 13,
        "23": 14,
        "10": 15,
        "6": 16,
        "5": 17,
        "14": 18,
        "20": 19,
        "16": 20,
        "24": 21,
        "19": 22,
        "0": 23,
        "7": 24
    },
    "th": 99.93998799759952,
    "path_th": [
        "16",
        "1",
        "21",
        "14",
        "3",
        "9",
        "23",
        "0"
    ]
}