bench, time, fifo, 1hop
sum, 0.00008, 0, 1.17
mac, 0.00012, 1, 1.09
simple, 0.00020, 1, 1.23
simple2, 0.00015, 1, 1.23
conv2, 0.00019, 1, 1.06
two_loops1, 0.00020, 6, 1.18
matrixmultiply, 0.00022, 0, 1.12
accumulate, 0.00021, 5, 1.20
two_loops2, 0.00022, 4, 1.16
cap, 0.00032, 3, 1.25
conv3, 0.00029, 2, 1.12
mac2, 0.00032, 2, 1.30
mults2, 0.00033, 5, 1.31
mults1, 0.00039, 3, 1.18
