{
    "graph_name": "dag30-6x6-MC=1.dot",
    "algorithm": "YOTO",
    "arch_type": "MESH",
    "total_edges": 33,
    "visited_edges": 29,
    "n_copies": 1,
    "total_threads": 6,
    "n_cells": 36,
    "n_lines": 6,
    "n_columns": 6,
    "num_annotations": 0,
    "best_thread": "Exec_0_TH_5",
    "best_dist": 10,
    "exec_max_clk": 862,
    "exec_min_clk": 862,
    "exec_avg_clk": 862.0,
    "th_max_clk": 144,
    "th_min_clk": 61,
    "th_avg_clk": 87.33333333333333,
    "best_placement": [
        [
            -1,
            25,
            3,
            1,
            -1,
            -1
        ],
        [
            0,
            2,
            8,
            10,
            -1,
            -1
        ],
        [
            28,
            16,
            7,
            9,
            13,
            -1
        ],
        [
            23,
            15,
            17,
            24,
            12,
            11
        ],
        [
            22,
            14,
            20,
            4,
            5,
            6
        ],
        [
            29,
            27,
            18,
            19,
            21,
            26
        ]
    ],
    "th_placement_distances": {
        "23_22": 1,
        "22_29": 1,
        "29_27": 1,
        "27_18": 1,
        "18_20": 1,
        "20_14": 1,
        "14_15": 1,
        "15_17": 1,
        "17_24": 1,
        "24_9": 1,
        "9_7": 1,
        "7_8": 1,
        "8_10": 1,
        "7_17": 1,
        "15_16": 1,
        "16_2": 1,
        "2_25": 1,
        "25_3": 1,
        "3_1": 1,
        "2_0": 1,
        "0_28": 1,
        "18_19": 1,
        "19_4": 1,
        "4_5": 1,
        "5_6": 1,
        "6_11": 1,
        "19_21": 1,
        "21_26": 1,
        "12_13": 1,
        "1_2": 3,
        "26_12": 3,
        "0_1": 4,
        "28_27": 4
    },
    "nodes_dict": {
        "0": 0,
        "19": 1,
        "28": 2,
        "9": 3,
        "1": 4,
        "12": 5,
        "3": 6,
        "2": 7,
        "14": 8,
        "29": 9,
        "25": 10,
        "24": 11,
        "4": 12,
        "13": 13,
        "5": 14,
        "8": 15,
        "18": 16,
        "21": 17,
        "6": 18,
        "11": 19,
        "15": 20,
        "22": 21,
        "7": 22,
        "26": 23,
        "10": 24,
        "16": 25,
        "20": 26,
        "17": 27,
        "27": 28,
        "23": 29
    },
    "th": 14.282449725776965,
    "path_th": [
        "23",
        "17",
        "27",
        "0",
        "19",
        "28",
        "18"
    ]
}