{
    "graph_name": "tree20-5x5-MC=1.dot",
    "algorithm": "YOTO",
    "arch_type": "MESH",
    "total_edges": 20,
    "visited_edges": 19,
    "n_copies": 1,
    "total_threads": 6,
    "n_cells": 25,
    "n_lines": 5,
    "n_columns": 5,
    "num_annotations": 0,
    "best_thread": "Exec_0_TH_2",
    "best_dist": 4,
    "exec_max_clk": 466,
    "exec_min_clk": 466,
    "exec_avg_clk": 466.0,
    "th_max_clk": 78,
    "th_min_clk": 39,
    "th_avg_clk": 60.333333333333336,
    "best_placement": [
        [
            7,
            6,
            0,
            1,
            2
        ],
        [
            5,
            14,
            19,
            8,
            9
        ],
        [
            3,
            12,
            15,
            -1,
            -1
        ],
        [
            4,
            10,
            11,
            -1,
            -1
        ],
        [
            17,
            13,
            16,
            18,
            -1
        ]
    ],
    "th_placement_distances": {
        "11_10": 1,
        "10_13": 1,
        "13_16": 1,
        "16_18": 1,
        "13_17": 1,
        "17_4": 1,
        "4_3": 1,
        "10_12": 1,
        "12_15": 1,
        "15_19": 1,
        "14_6": 1,
        "6_7": 1,
        "6_0": 1,
        "0_1": 1,
        "1_2": 1,
        "8_9": 1,
        "3_17": 2,
        "4_5": 2,
        "10_14": 2,
        "14_8": 2
    },
    "nodes_dict": {
        "0": 0,
        "10": 1,
        "2": 2,
        "1": 3,
        "12": 4,
        "9": 5,
        "5": 6,
        "8": 7,
        "6": 8,
        "17": 9,
        "7": 10,
        "4": 11,
        "13": 12,
        "15": 13,
        "19": 14,
        "16": 15,
        "11": 16,
        "18": 17,
        "3": 18,
        "14": 19
    },
    "th": 33.322225924691764,
    "path_th": [
        "7",
        "15",
        "18",
        "1",
        "12",
        "9"
    ]
}